,0,1,2,3,4,5,6,7,8,9,10,11,12,13,14,15,16,17,18,19,20,21,22,23,24,25,26,27,28,29,30,31,32,33,34,35,36,37,38,39,40,41,42,43,44,45,46,47,48,49,50,51,52,53,54,55,56,57,58,59,60,61,62,63,64,65,66,67,68,69,70,71,72,73,74,75,76,77,78,79,80,81,82,83,84,85,86,87,88,89,90,91,92,93,94,95,96,97,98,99
DaveThomas,4,3,2,2,2,5,4,5,4,3,2,4,5,2,4,1,2,2,4,4,4,2,1,2,5,4,2,4,3,1,3,2,2,2,4,5,3,3,2,1,4,4,2,4,1,2,4,2,2,4,4,4,2,3,5,4,1,2,4,2,3,5,4,3,1,4,3,2,2,3,3,5,2,3,4,4,3,5,3,4,2,4,2,5,4,2,4,2,5,4,3,4,5,3,4,4,2,2,5,1
OliverHarris,3,2,2,3,1,4,2,4,4,2,2,4,4,2,4,4,3,3,5,4,5,2,4,2,1,4,2,2,5,2,3,2,2,2,4,5,2,4,2,2,4,5,2,4,2,1,5,1,2,4,5,4,1,4,3,5,2,2,4,5,3,2,4,2,1,4,2,2,2,2,5,4,2,4,4,4,4,4,5,3,2,5,1,4,3,2,5,2,4,3,4,4,4,4,4,3,2,2,5,5
DavidHarrison,4,2,4,3,2,4,3,4,4,4,2,4,5,2,4,4,2,2,5,4,3,1,3,2,5,3,2,2,5,2,2,2,2,2,5,5,2,4,2,2,4,5,3,3,2,2,2,4,3,3,4,5,2,3,1,5,2,2,3,3,2,3,4,2,2,4,2,2,2,5,3,4,2,4,4,4,4,2,3,4,2,3,1,5,4,3,5,2,4,4,4,4,5,4,3,4,2,5,5,5
JerryMcAlister,4,1,2,2,2,5,3,2,4,4,2,4,5,3,5,4,2,2,4,4,5,1,2,2,4,4,2,2,5,2,4,1,2,2,4,5,2,4,2,2,4,4,1,3,1,2,2,2,2,2,1,5,1,4,1,5,2,2,5,2,2,2,4,2,2,5,2,2,2,5,2,5,2,4,5,5,4,2,4,4,1,4,2,4,5,2,4,2,4,5,4,3,5,3,5,4,2,2,5,4
GregoryHarrison,4,3,2,2,1,4,2,2,4,4,2,4,5,2,4,4,2,2,4,4,4,1,1,2,5,3,1,4,4,2,4,2,2,3,4,5,2,4,2,2,4,4,2,5,1,4,2,4,3,4,4,4,3,4,4,4,2,2,5,1,2,2,4,3,2,5,2,1,2,4,3,4,2,3,4,4,5,3,5,5,2,5,2,5,4,2,1,3,4,4,4,5,4,4,4,4,2,2,0,5
MargaretConnolly,4,2,2,2,2,4,2,5,4,4,2,4,5,2,4,1,2,2,4,3,4,2,2,2,4,5,2,2,4,1,2,2,4,2,4,5,2,4,2,2,4,4,3,5,1,3,4,2,3,4,4,3,2,4,4,5,2,3,4,2,4,1,5,2,2,4,1,2,2,5,2,4,2,4,4,5,3,2,3,5,3,5,2,4,4,3,4,2,4,3,4,4,4,4,4,4,5,2,5,5
CarolynPatterson,4,1,3,2,2,1,2,2,4,4,2,3,3,4,4,4,2,2,4,4,4,2,2,2,4,2,2,3,4,2,1,3,2,2,4,5,3,5,1,3,4,5,3,3,2,2,2,2,2,4,5,4,2,4,4,5,2,4,4,2,2,2,4,2,2,4,2,2,2,4,3,4,2,4,4,4,4,3,4,4,3,5,2,4,3,3,4,3,5,4,4,4,5,4,3,4,4,2,0,4
LorraineBethanySimmons,4,2,2,2,2,4,2,2,4,4,2,3,4,1,4,4,2,2,2,4,4,1,2,2,4,2,2,2,3,2,4,1,2,1,4,4,2,3,3,2,4,5,2,4,2,2,4,2,2,5,4,4,2,4,4,4,3,2,4,3,3,2,4,3,2,5,2,1,3,5,2,5,2,3,4,4,3,2,4,4,2,4,4,5,4,2,5,2,1,4,3,4,4,4,3,3,2,2,5,4
ClarenceCuthbertson,4,2,1,3,1,4,2,5,4,5,2,4,4,2,4,1,2,2,4,4,4,2,1,2,1,2,2,2,5,2,2,2,2,2,4,5,3,3,2,1,4,5,2,4,2,2,2,5,3,4,4,3,2,4,5,4,2,2,5,2,2,2,3,2,2,4,2,2,1,4,2,4,2,4,4,4,4,2,5,4,5,4,2,5,3,2,4,2,5,4,4,4,1,4,4,4,2,2,5,4
JohnathonKRiley,5,2,2,2,2,5,2,2,4,4,3,4,4,2,4,4,2,2,4,5,4,2,2,2,5,2,2,2,5,2,2,2,2,2,5,5,2,4,1,1,4,4,3,4,3,2,2,2,2,5,4,3,2,4,5,5,3,2,1,2,2,2,5,2,1,4,2,4,2,4,3,4,2,3,4,4,5,2,4,4,2,5,2,4,3,2,5,1,4,5,4,4,5,4,4,3,3,2,0,5
ClaraAllisonSmith,5,2,2,3,2,4,2,5,4,4,2,5,4,4,4,4,3,2,4,4,4,1,2,2,4,2,2,3,5,2,2,4,4,3,4,5,3,5,2,2,4,4,3,3,4,3,5,2,2,4,2,4,3,4,4,5,2,2,4,2,3,2,4,3,2,2,2,1,2,4,2,3,5,4,4,5,2,2,3,4,1,4,2,4,3,2,4,3,5,4,4,4,4,4,3,4,2,4,5,4
ArcherBennett,5,2,2,2,2,5,2,2,4,4,3,4,5,5,4,4,2,3,4,4,4,1,3,1,5,2,2,2,5,2,4,2,2,2,1,5,2,5,2,2,4,4,1,4,1,2,2,2,3,5,4,4,3,5,4,5,1,2,4,2,2,2,4,2,2,5,2,2,2,4,3,4,5,4,5,4,4,5,5,4,2,4,3,5,3,2,5,1,3,4,4,4,5,4,5,5,2,3,5,4
BenedictThorne,4,2,2,2,3,4,2,5,4,3,2,4,4,2,4,5,2,2,4,4,5,2,2,1,1,4,2,2,4,2,2,2,2,2,4,5,2,5,2,1,4,4,1,4,1,1,5,1,2,4,5,4,2,1,5,4,2,2,3,2,1,2,4,2,2,4,2,1,2,4,2,3,2,5,5,4,4,2,3,5,2,5,1,5,4,2,5,2,4,5,4,4,4,4,1,4,2,4,5,5
LauraNelson,4,3,3,2,3,4,2,5,4,4,2,3,5,2,4,4,2,3,4,3,4,2,3,2,1,3,2,2,5,2,3,2,2,2,4,4,2,3,3,2,4,4,2,4,1,2,2,3,3,5,4,4,2,3,4,4,2,3,5,2,4,3,5,1,1,4,2,1,3,4,4,4,4,4,4,4,4,2,4,4,2,4,1,3,5,2,4,2,2,3,4,4,4,4,4,5,2,2,5,5
HarrietBarnes,4,2,3,2,3,4,2,2,4,4,2,3,4,2,4,5,2,2,5,4,4,2,5,1,4,2,2,2,4,1,1,2,2,2,2,4,2,5,2,2,4,5,2,4,2,2,2,1,2,2,5,4,2,4,4,4,2,2,4,2,5,2,4,3,3,4,3,2,2,5,3,4,3,4,5,4,4,3,4,4,2,4,2,5,5,2,4,2,4,4,4,4,2,3,4,4,4,4,5,4
DanThompson,1,2,2,1,1,5,2,4,5,4,1,5,4,2,4,4,2,2,5,5,4,2,3,2,5,4,2,4,4,2,3,1,2,2,4,5,1,4,2,2,5,4,3,2,2,1,3,5,2,4,4,4,3,4,5,4,2,1,4,2,5,2,4,5,5,4,1,1,2,4,2,4,3,4,5,5,4,2,4,5,2,5,2,5,4,2,4,2,1,4,4,4,4,4,5,4,2,2,5,5
LeonardoBrooks,4,2,2,2,2,4,2,5,4,3,4,5,4,2,4,1,2,2,4,3,3,1,3,2,5,4,2,4,5,2,2,3,2,2,5,5,3,4,3,2,4,4,1,3,1,1,5,2,2,4,1,4,2,4,5,5,1,2,4,2,2,2,5,2,2,4,4,1,2,4,2,4,2,4,4,4,3,2,3,5,2,4,5,5,4,2,4,2,4,5,3,4,4,4,4,4,2,2,5,5
DannyThomlinson,4,2,2,2,2,4,3,5,4,3,3,3,4,5,4,5,2,2,4,3,5,2,3,2,4,2,2,5,4,1,4,1,2,2,4,5,4,4,2,2,4,5,3,4,2,3,2,2,2,2,4,3,1,4,5,4,2,2,4,5,3,5,4,2,1,3,2,2,3,4,2,3,2,4,4,4,2,2,4,4,2,4,2,4,4,3,5,2,5,3,4,4,4,2,3,4,3,2,0,4
MauriceAlexanderCarmichael,3,5,3,2,2,1,4,5,5,1,1,5,5,1,5,1,3,2,4,4,3,1,3,2,5,3,2,4,5,2,2,1,4,2,4,5,2,4,2,2,4,5,3,4,1,2,5,1,4,2,5,4,2,2,5,4,3,2,5,2,3,2,4,2,2,4,2,2,2,5,2,4,2,5,5,5,4,2,4,4,2,4,2,4,4,2,4,3,5,5,4,4,4,3,5,3,2,5,5,5
RichardStanton,4,3,3,3,2,4,3,1,4,4,2,4,5,4,4,4,2,2,4,4,4,2,2,2,4,2,2,4,5,1,4,1,2,4,4,5,2,3,1,2,2,5,2,4,2,3,2,4,3,4,4,4,2,4,5,4,2,2,4,2,2,2,4,2,3,3,2,4,2,4,4,4,2,5,4,4,4,2,4,3,1,4,2,5,4,3,4,1,4,4,4,3,4,4,3,4,3,1,0,4
RichardDawson,4,2,1,2,2,4,5,5,4,3,1,5,2,2,2,4,2,2,4,4,4,3,2,2,2,2,2,4,4,2,2,2,2,3,4,5,3,5,2,2,4,5,2,4,2,2,5,5,1,5,4,4,2,4,4,4,3,2,4,1,1,2,4,2,2,3,2,2,2,1,2,4,2,5,5,5,3,5,4,4,2,5,1,5,3,2,5,2,4,5,3,5,4,4,4,4,2,2,5,5
MatthewSullivan,4,2,2,2,3,4,2,2,5,4,3,3,4,5,4,4,3,2,4,4,4,2,2,5,4,2,1,2,4,1,4,2,2,2,4,5,2,4,2,3,3,5,2,1,1,1,4,2,2,5,5,4,1,4,5,4,2,2,4,3,2,5,5,2,2,5,2,2,2,4,2,4,2,3,4,5,4,4,4,4,3,4,5,5,4,2,5,3,5,5,4,4,4,4,3,5,2,5,0,4
MartinLawrence,4,4,2,3,2,4,4,4,3,3,1,3,4,2,5,2,3,3,4,5,4,1,3,4,4,2,3,4,4,2,2,1,2,2,4,5,2,3,2,2,4,1,2,3,2,2,2,2,1,4,4,4,2,3,4,5,2,1,5,2,1,2,5,2,1,4,3,2,3,2,3,3,2,5,3,4,4,5,4,3,2,4,1,4,5,2,4,2,4,3,5,5,5,4,4,5,2,2,5,4
RichardSterling,4,2,2,2,2,4,2,2,5,4,2,5,5,2,4,5,3,2,5,4,4,2,2,2,4,2,2,2,4,1,5,2,2,2,4,5,2,4,2,2,5,5,2,4,2,2,2,2,2,4,5,4,1,4,5,4,3,1,2,2,2,2,4,2,2,5,2,1,1,4,1,3,2,4,5,4,5,2,3,4,2,4,1,5,4,1,4,2,4,4,5,4,4,4,4,4,2,4,5,4
MichaelLancaster,3,1,3,2,3,4,2,2,5,3,2,5,4,4,4,1,2,2,4,4,4,2,5,2,1,2,1,2,4,1,2,2,4,2,4,5,4,3,1,2,4,4,4,4,2,1,5,1,2,5,4,4,2,3,5,4,2,2,4,1,2,2,4,2,2,5,2,1,2,4,2,4,1,5,4,4,5,2,4,4,2,2,1,5,4,2,5,2,4,3,4,4,4,4,4,4,2,2,5,5
ChristopherMitchell,5,2,1,2,2,4,2,5,4,5,1,5,4,2,5,5,2,1,4,5,4,2,2,1,5,2,2,5,4,1,2,2,1,1,5,5,1,5,1,2,4,4,2,5,2,1,2,2,3,5,4,4,1,4,4,4,1,2,4,2,1,2,3,2,1,4,1,2,2,5,1,4,1,4,1,4,3,1,5,5,2,5,2,5,5,2,5,2,5,4,5,4,4,4,4,5,2,2,5,5
MartinHarper,4,1,2,1,1,5,2,2,5,4,2,5,4,1,4,2,3,2,4,4,4,2,3,2,4,2,2,2,5,5,5,4,2,2,5,4,2,4,2,2,3,4,2,4,2,1,2,2,2,4,5,5,3,4,5,4,2,3,4,2,1,2,3,1,5,4,5,1,2,4,2,5,3,4,4,4,4,4,5,4,2,5,2,4,4,2,5,2,5,4,5,4,4,4,1,4,2,2,5,5
DanielAlexanderKing,4,2,1,1,1,4,2,2,4,2,2,3,5,1,5,1,2,2,4,4,4,2,2,2,4,2,3,4,4,2,4,2,2,2,4,5,1,3,3,3,5,5,2,3,1,3,2,2,2,4,5,5,3,4,1,4,1,2,4,2,5,2,5,2,2,4,2,1,4,5,2,4,2,4,5,5,4,2,4,4,2,4,2,5,4,2,4,2,5,4,3,5,5,4,3,5,1,3,5,4
JamesMartin,4,1,3,2,5,5,3,5,5,4,3,5,2,4,4,4,2,2,4,5,5,2,1,5,5,2,3,4,5,2,2,2,2,2,4,5,3,4,4,2,4,4,2,4,1,3,5,3,2,4,4,4,1,5,5,5,2,1,4,1,2,4,4,2,2,4,2,2,2,4,2,4,1,3,4,4,4,2,4,4,2,4,2,5,4,2,4,3,4,4,4,4,4,4,4,4,5,1,5,4
GregoryMarshall,2,2,2,3,1,5,2,5,1,5,3,5,4,2,4,5,2,2,4,4,4,2,2,2,4,2,2,4,5,1,2,2,1,2,2,5,2,4,1,3,4,4,2,4,2,2,5,2,2,5,1,5,1,5,5,4,4,2,4,2,3,5,4,3,1,4,2,2,3,5,3,4,1,4,5,5,3,2,4,4,1,4,3,5,3,2,4,1,4,4,4,5,5,4,4,4,5,2,5,5
MartinHawthorne,3,2,2,2,2,4,2,5,4,4,2,5,4,2,4,4,1,3,4,5,4,1,3,2,5,3,1,5,4,2,4,5,2,3,4,5,2,4,1,2,4,4,2,4,2,1,2,2,3,4,4,5,2,4,5,5,2,2,4,1,4,1,4,3,2,5,2,1,2,4,5,4,2,3,4,5,4,2,4,4,1,4,5,4,2,2,5,2,5,4,4,4,4,3,4,4,2,2,5,4
MargaretDelaney,4,2,2,3,5,4,2,2,4,1,3,5,4,4,5,5,4,2,4,4,4,2,2,5,4,2,2,3,5,2,2,1,2,2,4,5,2,4,1,2,5,4,2,5,2,2,5,2,4,4,4,4,1,5,4,4,2,1,5,1,4,2,5,2,2,4,2,1,2,4,2,5,3,4,4,4,5,2,4,4,2,4,1,5,4,2,5,2,5,4,3,4,4,4,4,5,2,4,5,5
BellaWalker,4,4,2,3,2,4,3,4,4,4,2,4,5,4,1,4,2,2,4,5,4,2,2,2,5,2,2,4,4,2,3,2,4,2,4,5,5,4,2,2,4,4,4,4,2,2,5,2,5,1,5,4,1,3,5,4,4,2,4,5,2,2,4,2,1,4,3,2,1,4,2,4,3,2,4,5,4,5,4,4,2,4,2,5,5,5,5,2,5,4,4,4,4,4,5,4,4,3,0,4
RileyEdwards,4,2,1,2,2,5,5,2,4,5,1,5,4,2,4,4,2,4,4,4,4,2,4,2,5,2,2,2,5,2,2,1,5,2,4,5,4,4,1,2,4,5,2,5,2,2,4,2,3,5,2,4,2,4,5,4,1,2,4,2,5,1,4,1,2,4,2,2,5,4,4,4,2,4,4,5,2,2,4,4,2,4,2,5,1,1,5,2,5,4,4,5,4,4,5,4,2,4,5,4
BrianCarter,4,3,2,4,2,4,3,5,5,5,2,4,4,4,4,5,2,1,4,4,5,1,2,2,4,2,2,5,4,1,2,5,2,2,5,5,4,4,1,2,5,4,2,4,1,4,2,2,1,5,4,5,2,4,4,4,2,1,4,2,2,2,4,2,2,4,2,1,5,4,2,4,1,5,4,4,5,2,5,5,2,5,2,5,1,5,5,1,4,4,5,4,4,4,4,4,2,2,0,4
BlakeJohnson,5,2,2,2,2,5,2,4,4,1,2,3,1,2,4,4,4,1,5,2,5,1,3,5,4,1,2,4,4,2,2,1,2,2,3,5,2,4,2,2,4,4,2,4,1,2,4,2,2,4,4,5,2,3,5,5,2,2,4,5,2,2,4,2,4,3,2,2,4,4,2,4,2,4,4,5,1,2,4,4,2,5,1,5,4,2,4,2,4,4,5,4,4,4,4,5,4,4,5,4
MarkusBraun,4,2,2,4,2,4,2,5,5,4,2,5,4,5,5,4,2,1,5,4,5,1,1,2,4,4,4,2,4,2,2,2,1,2,5,5,2,4,2,2,5,5,2,4,2,3,2,2,2,4,1,4,2,5,3,4,2,1,4,5,2,2,4,2,2,3,2,4,1,4,2,4,3,4,4,4,5,2,3,4,2,4,3,5,1,2,5,4,2,5,4,4,4,4,1,4,2,2,5,4
IsabelMartinez,4,2,1,2,2,4,4,5,5,4,3,5,4,2,5,4,1,2,5,4,5,2,2,2,4,2,1,2,4,2,2,2,1,2,4,5,2,4,1,2,4,4,2,4,2,2,5,2,4,2,4,4,2,5,4,2,1,2,4,5,2,2,4,2,5,4,2,1,5,4,4,4,3,4,4,4,5,5,5,4,2,4,2,5,4,2,4,2,4,4,4,4,5,4,5,4,2,2,5,4
RileyCohen,4,2,1,2,1,4,4,2,4,4,2,4,4,2,4,4,2,2,4,4,4,2,2,2,5,2,2,2,4,3,2,2,2,2,4,4,3,4,2,1,4,4,2,4,2,2,4,1,5,4,4,5,2,4,4,4,2,4,4,1,4,2,4,2,5,4,2,2,1,3,2,4,3,4,4,5,2,2,5,4,2,4,4,4,4,2,5,3,4,3,4,4,4,4,5,4,5,3,5,4
LucasBrown,4,4,4,2,2,4,2,4,4,4,2,4,4,2,4,4,2,1,5,4,4,1,2,2,4,2,2,3,5,1,2,2,2,2,5,5,3,5,1,2,4,3,2,4,2,2,2,1,3,4,4,4,2,5,5,5,2,2,4,5,2,5,5,2,2,4,2,2,2,4,1,4,2,4,4,5,5,5,5,4,2,5,1,5,4,5,4,2,1,4,4,4,4,4,4,4,2,4,5,4
MiaGonzalez,4,3,2,2,1,5,4,4,5,4,2,4,4,2,4,4,3,2,4,5,5,2,3,5,4,2,2,4,4,2,2,2,4,2,4,5,2,5,1,2,4,4,2,4,1,2,5,4,2,4,4,4,2,5,3,2,3,2,5,2,2,2,5,4,4,2,2,2,2,4,5,5,2,4,4,5,4,5,4,4,2,5,5,5,4,5,5,2,4,4,4,5,5,2,5,4,2,3,5,5
NathanialReed,4,4,1,3,1,5,3,4,1,4,2,5,5,2,5,5,2,2,4,4,4,2,2,5,4,2,1,2,4,4,2,2,2,2,5,5,2,5,2,2,3,4,2,4,2,2,5,3,2,4,4,5,2,4,4,3,2,2,4,1,4,5,4,2,5,4,2,2,5,5,2,4,2,5,2,5,2,2,4,5,2,4,2,5,4,2,5,2,1,3,4,4,4,4,5,4,2,2,5,4
AvaWhite,5,1,2,2,3,4,2,4,4,4,5,5,3,2,4,4,5,2,4,4,4,2,2,2,4,2,2,2,5,2,2,2,2,2,4,5,2,5,2,3,4,1,2,4,1,1,2,3,4,2,4,5,1,4,4,4,2,2,4,2,2,2,4,4,2,4,1,2,2,4,2,4,5,4,5,5,5,2,4,5,2,4,2,4,4,3,5,2,4,5,5,3,4,5,5,4,2,4,5,5
OliverMartinez,4,2,2,2,2,4,2,2,5,4,2,4,5,4,4,4,2,4,5,5,4,2,2,4,4,2,2,2,4,2,1,2,3,1,5,4,3,5,2,2,5,4,2,4,1,2,2,2,2,5,4,4,2,4,5,5,1,2,5,2,4,2,5,2,2,5,1,2,2,4,4,3,2,3,5,4,5,2,4,4,5,4,5,5,4,2,4,2,4,2,4,4,4,4,4,4,2,2,5,4
RileyThomas,5,3,2,2,2,4,5,2,4,4,2,5,3,2,4,5,2,4,4,4,4,2,2,4,4,2,2,4,5,4,2,2,4,3,4,4,2,5,2,3,4,4,4,4,4,2,2,5,2,4,3,4,1,4,4,4,2,1,4,5,3,2,4,4,3,4,3,4,1,4,2,4,2,4,4,4,4,5,5,3,2,4,2,5,4,2,4,2,4,4,2,4,3,2,4,4,4,4,5,5
CynthiaMorris,4,2,2,2,2,4,3,2,4,4,2,4,4,2,5,5,2,2,3,4,4,2,2,2,4,1,2,5,4,2,3,3,2,2,4,3,4,4,2,2,4,4,2,4,2,2,4,4,2,4,4,4,2,4,4,4,2,2,4,2,5,2,5,2,2,4,2,2,2,4,2,4,3,4,4,4,4,4,4,5,4,4,1,5,4,1,4,2,4,4,4,4,4,4,3,5,5,5,0,4
StevenPhillips,4,2,2,2,2,4,2,4,4,4,2,4,4,2,4,4,2,3,5,4,5,2,2,2,4,5,2,4,4,5,2,1,5,1,4,5,3,4,2,2,4,3,4,4,1,2,4,2,4,4,4,4,2,4,4,2,4,1,2,5,4,1,4,2,2,4,2,2,2,4,5,5,2,4,5,5,2,4,4,4,1,4,2,5,5,2,5,2,5,4,1,4,4,3,5,4,4,2,5,5
PeytonBailey,4,2,2,1,2,5,4,2,4,4,2,5,5,2,4,4,2,2,3,4,4,2,2,2,4,2,2,2,4,2,2,2,5,2,4,4,2,4,2,4,4,4,3,4,2,2,2,5,2,4,3,5,2,4,5,4,2,2,4,2,2,2,4,1,2,5,4,2,5,4,5,4,2,4,5,4,4,2,4,4,5,5,2,4,4,2,4,3,1,4,5,5,4,4,4,3,3,4,5,4
EvanSmith,4,1,2,2,3,1,4,5,4,1,2,5,5,4,4,4,2,3,5,4,4,1,5,4,4,2,2,2,4,2,2,2,2,2,4,5,2,4,2,2,4,3,2,4,1,2,5,4,3,4,4,5,1,4,4,4,2,1,5,5,4,5,4,1,2,4,4,1,4,4,2,5,2,4,3,4,4,5,4,5,2,4,2,5,4,5,4,2,1,4,4,4,5,3,5,4,2,4,5,5
NinaPatel,5,3,2,2,2,4,3,2,4,4,4,5,4,2,5,5,5,2,4,4,4,2,2,2,4,4,2,3,4,1,4,2,2,2,4,4,2,4,2,2,4,4,3,4,2,4,4,2,2,5,4,4,2,4,5,4,1,2,5,5,5,2,5,2,2,4,2,1,2,4,2,4,1,4,4,5,2,2,4,4,2,4,1,5,5,2,4,2,4,4,4,1,4,4,4,5,2,4,0,3
RileyJordan,4,2,2,2,2,5,4,5,4,2,1,5,4,2,5,4,2,2,5,4,3,1,4,2,4,2,2,2,4,2,4,2,4,2,4,5,2,3,2,2,4,5,2,3,2,3,5,5,2,4,4,4,2,5,5,4,2,2,4,4,4,2,4,2,1,4,2,3,2,4,2,4,3,4,4,3,5,2,5,5,5,2,2,5,4,5,4,2,4,4,5,4,2,5,5,3,4,2,5,5
DanielThompson,4,3,2,2,2,4,4,4,4,3,2,5,4,1,4,4,2,4,4,2,5,2,2,5,4,2,2,2,4,2,3,1,2,2,5,5,4,5,2,3,4,3,2,5,2,2,4,2,5,4,4,5,1,4,4,4,4,4,4,5,2,3,5,2,2,4,2,4,5,4,4,4,5,4,1,5,2,5,1,4,2,2,2,5,4,3,4,2,4,5,4,4,4,2,4,4,2,2,5,5
EthanWright,4,3,2,3,2,5,4,5,4,2,2,4,5,5,5,4,2,2,5,4,5,2,2,2,4,2,2,2,5,2,3,1,2,2,4,5,2,5,2,2,4,4,2,4,2,2,5,2,1,4,4,5,2,4,5,5,2,2,4,4,4,1,4,2,1,4,2,1,2,4,2,5,2,1,2,5,4,2,5,4,2,4,5,5,4,5,5,2,3,4,5,5,4,4,5,4,2,2,5,5
LucasMarshall,4,2,2,2,2,1,4,2,5,1,2,4,2,5,5,5,2,2,4,4,5,2,2,2,4,4,2,4,4,2,2,2,2,2,4,5,2,5,3,2,4,4,2,4,2,2,2,2,2,4,4,5,1,4,4,4,2,2,5,5,2,2,4,2,2,4,2,2,2,4,2,4,2,4,4,2,4,5,4,3,2,4,2,5,2,2,4,2,5,5,4,5,4,3,4,4,2,2,5,5
IsabellaMorris,4,1,1,2,2,1,2,4,5,4,2,5,5,2,4,4,2,2,4,4,4,2,2,1,4,4,1,3,4,2,4,1,2,2,4,5,4,4,2,2,4,4,2,4,2,3,5,5,2,4,4,5,2,4,5,5,4,2,4,2,1,4,3,2,5,3,2,2,2,4,2,4,4,4,4,4,4,5,4,4,2,3,2,5,4,2,4,3,5,4,5,4,5,2,4,5,4,4,5,4
AvaScott,4,2,1,3,2,4,2,4,4,4,2,5,4,4,4,4,2,2,4,4,4,2,3,2,4,4,3,4,4,2,2,2,2,2,4,5,3,4,2,2,4,4,3,4,2,2,5,1,2,4,4,5,2,4,4,4,2,1,4,1,2,5,5,2,2,4,1,2,2,3,2,4,1,2,5,4,4,5,4,4,1,5,4,5,1,2,5,3,5,4,4,2,4,4,5,4,2,1,5,4
GraceHamilton,5,1,4,3,2,5,5,2,4,4,4,4,4,2,5,4,4,2,4,4,5,2,3,2,4,4,2,2,4,5,2,2,5,2,2,5,2,4,1,2,4,4,2,4,2,2,3,2,2,4,4,4,3,4,4,5,2,2,4,1,2,5,4,3,2,4,2,2,1,4,2,5,3,4,5,4,4,5,5,4,2,5,1,5,5,2,5,2,3,4,5,4,4,3,5,4,4,3,5,5
DianaWatson,1,4,1,2,1,4,3,4,4,2,2,4,4,2,4,4,2,4,5,4,5,2,2,2,4,5,2,5,4,2,2,1,2,4,4,4,2,4,3,1,4,2,2,4,1,2,2,1,1,4,4,4,1,4,5,4,2,2,4,1,2,2,4,2,2,4,2,2,2,4,2,4,2,5,4,4,4,2,4,4,2,4,2,5,4,2,4,1,4,4,5,4,1,4,5,4,2,2,5,4
FionaStewart,5,1,2,2,1,4,4,1,4,4,3,5,4,4,4,3,2,2,3,4,5,1,1,2,5,4,2,4,5,1,2,1,2,2,4,5,4,4,2,2,3,4,1,4,1,4,2,4,4,4,4,4,2,4,5,4,2,4,4,2,2,4,5,2,3,4,2,1,1,4,2,5,2,5,4,5,4,2,4,5,2,4,2,5,3,1,4,2,4,4,4,4,4,4,5,4,2,2,5,4
HeatherJones,5,2,2,4,4,4,4,2,4,4,2,4,4,2,4,2,3,2,4,5,5,1,3,4,4,3,2,2,4,2,3,2,4,2,4,4,2,4,3,2,4,4,2,4,2,1,5,2,4,4,4,2,2,5,4,4,2,2,4,2,5,5,4,4,2,4,3,2,2,4,4,5,2,4,4,4,4,5,4,3,2,4,2,5,3,2,4,2,5,4,4,5,4,5,4,3,5,2,5,4
IanDouglas,5,2,4,2,1,4,3,2,4,1,3,4,4,2,3,2,2,3,1,4,4,2,2,2,4,4,2,2,4,1,2,4,4,2,2,5,4,4,2,2,4,4,4,4,2,2,2,2,3,2,4,5,2,4,4,5,4,2,4,2,2,2,4,3,2,3,2,2,2,4,5,4,2,4,2,4,4,2,2,4,5,4,1,5,4,2,4,2,1,4,5,4,5,4,4,4,2,5,5,4
JuliaSanchez,5,2,2,2,3,5,2,2,5,5,2,5,4,1,4,4,2,1,2,3,4,2,2,2,4,2,2,4,5,2,2,2,2,3,4,5,2,3,2,3,4,3,5,4,2,2,2,2,4,2,4,5,1,5,5,5,2,2,4,2,3,2,4,2,4,4,2,2,5,4,5,4,2,4,4,4,4,2,4,5,3,4,1,5,4,4,4,3,5,3,4,4,5,1,4,4,2,2,5,4
QuinnDavidson,5,2,1,1,1,1,2,2,5,5,2,4,4,2,4,4,2,3,5,4,4,2,2,2,4,2,2,4,5,2,2,5,2,2,4,5,4,4,2,2,4,4,2,5,2,1,5,2,3,5,1,4,1,4,1,4,2,2,5,5,2,2,1,2,2,5,4,1,2,4,2,4,2,2,2,4,2,5,5,5,2,5,2,5,5,2,5,2,1,4,4,4,4,1,4,5,2,4,5,5
ThomasWright,4,2,2,2,2,4,3,4,4,4,5,4,4,4,4,5,1,2,5,4,4,2,3,4,4,1,2,3,4,3,2,1,4,1,4,5,2,4,2,2,5,4,2,4,2,2,4,2,2,4,4,5,1,4,4,4,1,2,4,1,5,2,5,1,2,4,2,2,2,4,2,4,2,4,4,4,4,2,4,4,2,4,2,5,4,2,5,3,5,4,4,4,4,1,4,4,4,4,5,5
MarcusBlackwood,5,2,2,2,1,4,2,2,5,1,1,4,5,2,5,5,1,1,4,4,4,1,2,2,5,2,1,5,5,1,3,2,2,1,5,5,2,5,1,2,5,5,1,2,2,2,2,2,2,4,5,4,1,5,4,4,2,2,5,1,1,4,5,1,2,4,2,1,5,5,2,5,2,1,5,5,5,5,5,5,5,4,2,5,4,5,1,2,5,4,4,5,4,4,5,5,2,2,5,1
VioletBRichmond,5,4,1,2,2,4,2,5,5,5,2,4,4,5,1,4,2,2,4,4,4,1,2,2,4,5,2,4,5,5,2,2,2,5,5,4,4,5,2,2,4,5,2,4,2,2,4,5,2,4,4,4,1,2,4,4,1,5,4,2,4,2,5,2,2,4,2,2,5,4,2,4,2,4,5,4,5,2,4,5,1,4,2,5,4,2,1,2,4,4,5,5,4,4,4,5,4,2,5,4
CalebJThompson,4,2,2,2,1,5,2,4,4,4,2,5,4,2,1,5,2,2,5,5,4,1,2,5,1,2,2,5,5,5,2,2,2,1,1,4,2,5,2,3,4,5,5,5,2,2,5,4,5,1,4,1,1,4,5,4,2,2,5,2,1,5,5,2,1,3,5,1,5,4,5,4,2,4,4,4,5,5,5,5,5,4,2,5,4,2,5,2,3,4,4,4,4,4,5,1,5,4,0,5
EmmaThornton,5,1,2,2,2,5,3,2,5,5,2,4,5,1,5,5,4,1,4,4,5,2,2,2,4,1,1,2,5,2,5,5,1,2,4,5,1,5,1,2,5,5,2,4,1,2,1,1,2,5,5,5,1,5,1,4,1,1,5,5,2,5,4,1,2,5,2,1,1,5,5,5,3,4,4,4,5,5,5,5,1,5,2,5,1,2,5,1,5,4,4,4,4,4,4,5,2,1,5,4
NancyCooper,4,2,1,3,2,4,4,3,4,4,2,5,4,2,1,4,2,3,4,5,4,2,2,2,4,2,2,5,4,2,2,1,2,2,4,4,2,5,1,2,5,4,2,3,2,2,2,3,2,4,1,4,2,4,4,4,2,2,4,4,2,2,5,2,2,5,1,1,4,4,3,5,3,4,2,5,4,2,1,5,2,5,2,5,4,4,2,2,5,4,4,5,4,4,4,4,5,2,5,5
WilliamNelson,4,3,2,2,2,5,4,2,4,4,4,5,4,3,4,5,2,4,4,4,4,1,2,2,5,2,1,3,4,2,3,2,3,2,4,5,5,4,2,2,4,4,2,4,2,2,1,2,2,3,5,4,2,4,3,5,4,2,4,3,2,5,4,2,2,4,2,2,2,4,2,4,3,4,4,4,4,5,4,4,1,4,5,5,4,2,4,2,4,4,5,4,5,4,5,5,4,2,5,5
UrsulaKeller,5,3,2,2,1,5,2,2,4,3,2,5,4,2,4,4,4,2,4,5,5,2,1,2,4,5,2,2,5,2,3,4,4,2,1,5,2,4,2,2,4,4,2,4,1,2,2,2,2,4,4,5,1,4,4,3,2,2,4,2,4,2,5,3,2,3,2,2,1,4,4,4,2,4,4,4,4,2,4,4,2,5,5,4,5,2,4,2,4,4,4,4,4,4,5,4,4,5,5,5
AnnaRichardson,4,2,1,2,1,4,5,5,4,4,1,4,4,4,5,4,2,2,4,4,4,2,3,2,4,2,3,2,4,2,2,2,2,3,4,5,5,4,2,2,4,4,1,4,2,2,2,4,4,4,4,4,1,4,5,4,2,2,4,2,4,2,4,2,1,5,2,2,2,4,4,4,3,4,4,5,4,4,4,4,2,4,2,5,4,5,4,2,4,4,4,4,3,4,4,4,3,3,5,5
LilyAvaldi,5,2,2,2,2,4,4,5,4,4,2,4,5,2,5,2,2,2,4,4,4,2,2,2,4,2,2,2,4,2,2,5,2,1,4,5,4,5,2,2,4,4,2,4,2,3,4,2,5,4,4,4,1,4,4,4,2,2,4,2,4,1,4,3,2,4,2,4,4,4,2,3,2,5,4,4,4,4,5,5,2,4,2,4,4,2,4,2,4,4,4,4,4,4,4,4,2,2,5,4
MelanieHughes,4,2,2,2,5,4,2,2,4,4,2,5,4,2,5,3,2,2,5,4,4,2,5,2,5,2,2,2,4,1,2,2,2,2,2,5,2,4,2,2,4,4,1,4,3,2,5,1,3,4,4,4,2,5,4,3,2,2,4,2,2,2,4,2,3,4,2,1,2,4,2,4,2,4,5,5,2,4,4,4,2,4,2,5,4,2,4,2,4,4,4,4,5,4,4,4,2,3,0,4
JasonLewis,5,2,2,2,1,4,3,4,4,4,2,5,2,5,4,4,1,2,4,5,4,2,2,2,4,2,2,2,5,2,2,5,1,2,4,5,2,4,1,1,4,4,2,4,2,2,5,4,2,4,5,4,2,4,4,4,2,2,5,5,2,2,5,2,2,4,2,1,2,4,2,4,2,4,4,4,4,2,4,5,5,5,1,4,5,2,5,2,5,4,4,4,4,4,5,4,3,2,5,5
BenjaminCox,4,2,2,2,2,5,4,2,1,4,1,4,4,4,5,5,2,3,4,4,5,1,2,4,4,5,2,2,4,2,5,4,2,2,4,5,2,4,1,2,4,4,4,4,5,2,2,2,1,4,4,4,2,4,5,4,1,2,5,2,3,2,4,2,2,4,2,1,2,5,2,4,2,4,4,5,5,4,5,4,4,4,2,5,4,2,2,2,4,4,5,4,4,4,4,4,2,5,5,5
OllieBennett,5,2,3,2,4,4,2,2,1,4,2,5,4,2,4,4,2,4,4,4,4,4,1,4,4,2,2,5,4,2,5,2,2,2,2,4,3,4,4,2,4,4,2,4,2,3,2,5,2,4,5,5,2,4,4,4,2,2,4,5,2,5,5,2,4,4,3,2,5,5,4,4,3,4,4,5,5,2,4,5,2,1,1,5,4,5,4,1,4,4,4,5,4,4,4,4,2,2,5,4
MiaFisher,5,2,2,4,2,4,5,2,2,4,5,5,4,2,4,4,2,4,4,4,4,2,2,2,4,2,2,4,3,2,4,2,2,2,4,5,2,4,2,4,4,4,4,4,2,4,4,5,2,4,4,4,2,4,5,4,4,3,4,5,4,1,4,2,2,4,2,2,2,3,2,4,4,4,4,5,4,4,4,4,2,2,2,5,4,2,4,1,4,4,4,4,4,1,5,4,2,2,5,5
GraceAvalos,4,2,2,2,2,4,2,2,4,4,4,5,4,2,1,4,1,2,4,4,5,2,2,2,1,5,2,2,4,4,2,2,2,2,2,5,2,4,2,2,4,5,2,4,2,2,2,2,2,4,2,4,2,4,4,4,2,2,4,2,5,2,4,2,2,4,2,2,2,4,2,3,3,4,4,5,4,2,3,5,1,5,2,5,4,2,5,2,4,4,5,5,4,4,4,5,3,3,0,5
NoahMorris,3,2,2,2,3,4,2,2,4,2,2,4,4,2,4,4,2,1,4,4,5,2,3,2,5,2,2,2,5,3,2,2,2,2,4,5,2,5,1,2,4,4,1,5,2,2,2,4,4,5,4,4,2,4,5,4,2,4,4,5,2,2,4,4,1,4,2,2,4,4,2,5,2,4,5,4,4,2,4,4,2,4,3,5,4,2,5,2,5,4,4,4,1,3,4,4,5,4,5,4
OscarDavis,4,2,4,4,1,4,5,5,4,2,2,5,5,5,4,4,2,2,5,5,4,2,3,2,5,2,2,2,5,2,4,1,4,3,5,5,2,3,2,1,4,4,5,4,1,2,4,1,3,4,5,5,1,4,4,4,1,2,5,5,5,5,5,4,2,5,2,2,2,5,2,5,2,3,4,4,4,2,1,5,1,4,1,5,5,2,3,2,5,4,4,4,4,4,5,5,4,2,5,5
ElijahClark,5,2,2,1,2,5,2,5,5,5,5,4,4,4,5,4,2,2,4,4,5,3,3,2,5,4,2,4,4,2,2,2,2,2,4,5,2,4,2,2,5,4,2,4,2,2,2,2,2,4,4,5,2,4,1,4,2,2,5,5,2,5,4,2,2,5,2,2,2,4,2,4,2,5,4,5,4,2,5,5,2,5,1,5,4,4,1,2,1,4,4,4,4,4,5,5,4,2,0,5
AmyPhillips,2,3,2,4,2,4,4,2,5,4,2,5,5,4,5,4,2,2,4,5,5,2,2,2,4,4,2,2,4,2,2,3,4,2,4,5,4,4,2,2,5,4,2,4,2,2,5,4,2,4,5,5,1,4,4,4,1,2,4,5,2,4,5,4,2,5,2,2,2,4,4,5,2,4,4,5,4,4,2,5,2,5,2,5,4,1,1,2,5,4,4,5,2,4,4,4,4,4,5,5
PeterMitchell,4,3,2,3,2,4,2,2,4,2,2,5,4,5,4,4,2,3,4,4,4,1,2,2,4,1,2,2,4,2,3,2,4,2,4,5,2,5,2,2,4,4,2,4,2,2,5,4,3,5,4,5,2,4,5,4,2,3,5,5,2,1,5,2,4,4,2,5,2,4,2,4,4,2,4,4,4,5,5,5,5,5,2,5,4,2,5,2,5,4,3,5,4,4,4,4,4,1,5,5
MeganFoster,4,2,4,2,1,4,3,4,4,2,4,5,4,2,5,3,3,2,5,2,4,2,2,2,4,3,2,4,4,4,2,2,2,2,4,5,4,5,1,2,3,4,2,4,2,3,2,2,2,4,4,3,2,4,4,4,2,2,4,1,4,4,4,3,2,4,2,2,2,4,2,4,2,5,4,4,5,2,4,5,1,4,2,5,4,2,4,3,4,3,4,4,4,4,5,3,4,2,5,5
LauraSimmons,4,4,2,2,2,4,2,4,4,3,1,4,4,2,4,4,2,2,4,4,5,2,2,2,4,4,2,2,5,2,3,2,2,2,4,5,2,2,2,3,5,5,2,4,1,4,2,2,2,4,4,5,1,4,4,4,2,2,4,2,2,2,5,5,5,3,4,2,2,4,4,4,2,4,4,5,4,2,4,5,2,4,2,5,4,5,5,2,4,4,4,3,4,4,5,5,2,2,5,5
SeanBarnes,5,3,2,2,2,4,4,4,4,4,5,5,4,2,5,1,1,3,4,5,4,2,3,2,4,2,2,3,4,2,5,2,2,1,5,5,3,5,2,2,4,4,2,4,1,2,2,1,2,1,4,4,1,4,5,4,2,1,4,4,5,2,4,2,2,4,1,1,2,4,2,4,2,4,5,5,1,5,1,4,5,4,2,4,4,4,3,2,4,4,5,4,4,1,4,4,5,4,0,5
LaylaTaylor,4,2,2,2,2,4,4,2,1,4,4,4,4,2,4,4,2,3,4,5,4,2,2,5,4,3,2,2,5,2,2,2,4,2,4,5,2,5,4,2,4,3,2,4,2,2,2,5,3,4,5,5,2,4,4,3,2,2,5,5,4,2,5,2,2,4,2,2,2,4,2,4,1,4,4,5,1,5,1,4,2,4,2,5,4,2,4,2,1,5,4,4,4,4,4,4,4,2,5,4
WyattCollins,3,1,2,2,5,4,2,5,4,4,2,1,5,4,5,4,2,1,4,4,4,1,4,2,4,2,2,2,5,2,2,2,2,2,4,4,2,4,2,1,5,5,1,5,2,2,2,2,4,5,5,5,1,4,4,5,2,4,5,5,3,4,4,2,2,5,2,2,2,4,2,5,4,4,2,5,5,4,3,4,4,4,2,5,3,5,5,2,4,5,4,5,4,4,4,4,2,2,5,4
NoraRoberts,5,2,3,5,2,4,4,4,4,2,2,4,4,4,4,5,1,2,5,3,5,2,2,2,4,2,2,2,4,2,4,2,2,2,4,5,5,4,2,4,4,2,3,4,2,2,2,4,3,4,1,4,2,3,3,4,2,2,3,1,2,2,4,4,3,5,1,2,4,4,4,5,4,3,5,2,4,2,5,4,1,2,2,4,4,5,3,3,5,4,5,4,4,4,4,4,2,2,5,4
MartinBrooks,4,4,2,2,2,4,4,4,4,1,2,4,4,4,4,4,2,3,4,4,5,1,1,2,5,4,1,3,5,2,2,2,2,2,4,5,4,5,2,2,4,4,2,2,1,2,2,2,3,4,5,5,2,5,4,4,2,2,4,2,3,2,4,2,1,4,2,1,5,4,4,5,3,4,5,4,1,2,5,4,2,1,2,5,4,2,5,2,4,4,5,5,5,5,5,4,5,2,5,4
BenjaminJohnson,4,2,1,2,4,5,2,5,4,4,2,4,4,2,4,4,5,2,5,4,5,1,3,4,4,4,2,2,4,2,1,5,2,2,5,5,2,5,2,3,4,4,2,4,2,1,2,2,2,4,4,3,2,4,4,4,2,2,4,1,5,2,4,2,2,4,4,2,3,4,2,4,3,4,2,5,4,2,4,3,2,5,2,5,4,2,5,3,4,4,2,5,4,4,4,4,5,2,0,4
DanielleThompson,5,2,2,2,2,5,4,4,5,2,4,4,4,2,4,4,4,2,4,4,4,2,1,3,4,2,2,2,4,5,2,1,2,2,4,4,1,4,4,3,4,4,2,4,2,2,2,2,4,3,5,1,2,4,5,4,2,2,4,2,4,3,4,5,2,4,4,2,2,4,4,4,2,4,4,5,5,4,5,4,5,5,2,5,5,1,4,2,2,4,4,4,5,4,5,3,2,2,0,5
CalebDonovan,4,1,2,3,4,4,2,2,5,4,2,4,4,5,4,1,2,2,4,4,5,2,2,4,5,1,2,2,4,2,5,5,3,2,4,5,2,5,1,2,5,4,2,4,2,3,5,2,4,1,4,5,1,1,4,4,2,1,5,1,2,2,4,2,2,4,2,1,5,4,2,5,2,4,4,4,4,4,3,4,2,5,2,5,4,2,2,2,1,4,4,3,5,4,4,5,2,2,5,4
MollyElizabethJenkins,4,2,2,2,1,4,2,2,4,2,4,5,4,5,5,5,2,2,4,4,4,3,2,2,4,4,2,2,4,5,2,2,4,2,4,4,4,4,2,3,4,5,2,4,2,2,1,2,1,3,4,4,2,5,5,5,2,4,4,2,3,2,4,2,2,5,2,2,5,4,1,5,3,2,4,5,3,2,4,5,1,4,1,5,4,2,5,2,4,4,4,4,5,5,4,4,2,3,5,5
LiamHendricks,4,2,2,2,4,4,4,5,5,4,2,4,4,3,4,4,2,2,4,5,4,2,2,2,5,2,2,2,4,1,2,2,2,1,5,5,3,4,2,4,4,4,2,5,2,1,2,2,2,4,5,5,2,5,4,5,2,2,5,5,2,2,4,2,2,5,2,2,2,2,2,4,3,4,5,5,4,5,3,4,4,4,2,4,4,2,4,4,1,5,4,4,2,4,5,4,3,5,5,4
LucasTrent,4,3,1,2,2,4,4,2,5,2,2,4,4,2,4,4,4,2,5,3,5,1,5,2,4,3,2,2,4,2,2,2,4,2,4,5,4,4,2,2,5,4,2,4,4,2,2,2,3,3,4,5,1,4,5,5,2,2,4,2,2,2,4,2,2,4,2,3,4,4,2,4,2,3,4,5,4,5,4,4,4,2,2,4,4,4,4,2,5,4,4,4,5,4,5,4,5,2,0,5
PatrickOConnor,4,2,3,1,2,4,2,5,4,5,2,4,4,2,4,4,2,2,4,4,5,2,2,2,5,2,2,4,4,1,2,2,4,4,4,4,2,4,1,4,5,2,2,4,1,2,5,2,2,4,4,4,2,5,4,5,2,2,3,1,4,2,4,5,2,4,2,1,4,1,2,4,2,4,4,4,3,1,5,4,5,5,4,5,4,2,4,2,1,4,2,4,4,4,4,4,2,2,5,4
JacobTurner,4,2,2,2,1,4,2,5,5,4,4,4,4,5,4,5,5,2,4,4,5,1,2,4,4,2,2,4,5,2,2,5,5,2,4,5,2,5,1,2,5,5,4,5,1,2,2,2,2,4,5,4,2,5,5,5,2,1,4,2,2,2,5,4,2,4,1,2,5,4,4,5,3,4,4,5,5,5,1,4,2,4,4,5,1,2,4,2,4,4,4,4,4,5,4,4,2,2,5,5
LiamBailey,5,3,2,2,2,4,3,5,4,4,2,4,4,2,4,1,3,2,4,2,5,2,2,2,4,2,1,2,4,2,2,4,4,2,4,4,1,5,2,2,4,4,2,2,1,1,2,1,2,4,4,4,1,4,5,4,1,2,5,5,4,2,4,2,4,4,1,1,5,4,2,5,2,2,4,5,4,5,4,5,2,2,2,5,4,2,4,4,5,4,5,4,4,4,5,5,4,2,5,4
DerekGibson,4,2,2,4,2,4,5,5,4,4,2,4,4,2,5,4,3,4,4,4,5,1,1,2,5,5,2,4,4,2,2,2,5,2,4,5,2,4,2,2,5,4,2,4,2,2,5,2,3,4,5,4,2,4,5,4,4,2,4,1,2,1,4,2,2,4,2,2,2,4,3,4,2,4,4,5,4,5,5,4,2,4,4,5,1,1,4,4,4,5,4,4,5,5,4,4,4,4,5,5
OliverStewart,5,2,1,5,2,5,4,5,4,4,2,5,1,5,4,4,2,2,5,5,4,2,2,2,4,2,2,5,4,2,4,4,4,2,3,5,4,3,2,2,5,4,4,4,2,2,2,2,2,4,4,4,2,4,4,5,2,1,5,4,2,1,4,2,1,5,4,1,2,4,5,4,1,4,4,4,5,5,3,5,5,4,1,5,4,1,4,3,2,4,5,5,4,5,4,4,2,5,5,5
IsaacRussell,4,2,5,4,2,5,2,4,5,4,5,5,4,2,2,5,4,2,5,2,5,5,1,2,4,4,2,2,4,5,2,5,1,2,4,5,5,5,2,5,5,5,2,4,1,5,5,5,5,2,1,4,1,1,5,3,5,4,4,5,2,3,4,2,2,4,3,2,2,1,5,4,2,4,4,5,2,5,4,4,2,4,2,5,4,5,4,5,4,4,5,4,4,2,4,4,4,2,5,4
HenryWest,3,2,2,3,3,4,4,2,4,4,4,3,4,4,4,2,2,3,4,4,4,2,2,2,4,4,2,2,3,2,4,2,4,3,5,5,4,4,2,2,4,4,2,4,2,2,5,2,4,4,3,4,2,3,4,4,3,2,4,5,3,1,4,1,2,4,4,1,2,4,4,4,2,5,4,5,4,5,4,4,2,4,2,5,5,1,3,4,4,4,5,4,4,4,4,5,2,2,5,5
AdrianHolmes,3,2,2,3,4,4,2,2,4,2,2,4,4,2,5,5,4,1,5,4,5,2,2,2,2,2,2,4,4,2,4,2,4,2,1,5,4,3,2,2,4,4,3,4,3,2,3,2,2,4,2,2,2,5,1,4,2,1,4,1,4,2,4,1,2,3,4,2,2,3,1,5,2,4,5,4,4,2,5,4,2,4,2,5,4,1,4,4,2,3,4,4,4,4,5,5,4,4,5,4
LeonardBailey,4,2,2,2,1,4,2,2,4,5,2,5,4,4,1,5,2,5,5,4,4,3,2,4,5,2,2,2,5,4,2,5,2,2,4,5,2,5,1,2,1,4,2,5,2,2,2,2,2,4,5,5,1,4,5,4,2,2,4,1,2,5,4,2,2,4,2,2,4,5,2,4,3,5,4,5,3,2,4,4,5,5,2,5,4,1,1,2,5,4,4,4,4,4,5,4,2,2,5,5
LindaSimmons,5,2,1,2,2,4,2,2,4,4,5,4,4,5,4,5,2,2,4,5,5,2,2,2,5,4,1,2,4,2,3,1,2,3,1,4,2,5,1,3,4,4,2,4,2,2,4,1,3,5,4,4,2,4,4,4,2,2,4,1,4,2,4,2,2,5,2,4,2,4,4,5,1,4,4,5,2,1,4,5,1,5,2,5,5,5,4,2,4,5,4,4,4,4,4,5,2,2,0,5
GracePalmer,5,3,2,4,2,4,2,5,4,2,2,5,4,2,4,4,4,2,4,4,4,2,2,2,4,2,2,2,5,3,2,2,2,2,4,5,2,4,4,2,4,4,4,4,2,2,2,4,4,2,3,3,1,4,1,5,4,3,4,2,2,2,4,4,5,3,2,2,2,4,2,4,2,4,4,4,4,2,2,3,2,4,2,5,3,2,3,4,3,5,5,5,4,4,4,5,2,4,5,5
LucyArmstrong,5,2,2,2,2,4,2,2,4,4,2,5,4,2,5,5,2,2,4,4,4,2,2,2,5,5,3,4,4,4,2,4,2,2,5,5,2,4,2,2,5,4,3,4,2,5,4,4,2,3,4,2,1,4,4,4,4,2,4,5,3,2,5,2,2,4,4,2,4,3,4,4,4,4,4,4,4,4,4,5,2,4,2,5,4,4,4,1,4,3,4,5,2,2,5,4,5,2,5,5
AlexanderHamilton,4,4,1,2,3,1,4,4,5,1,2,5,5,5,4,4,2,2,4,3,4,2,2,2,4,4,2,3,1,2,2,4,2,2,4,5,3,4,2,2,4,4,2,2,2,3,2,2,2,4,4,4,2,4,4,5,1,2,4,4,2,5,4,2,4,5,2,5,2,2,4,4,3,4,2,4,4,5,4,4,4,2,2,4,4,4,5,2,4,4,4,2,2,1,5,4,2,4,5,5
WilfredReynolds,4,2,4,2,3,2,4,2,4,4,3,5,4,3,4,3,2,2,3,3,4,3,2,5,5,4,2,2,3,5,3,2,4,2,4,4,4,4,2,2,4,5,2,2,4,2,5,5,4,4,3,4,2,4,5,5,4,2,4,5,4,4,4,3,2,5,4,2,2,4,3,4,4,4,4,4,4,4,4,4,5,4,2,4,2,2,4,1,1,4,4,4,5,2,4,5,2,2,5,4
MarkPeterson,4,2,2,2,2,5,2,5,5,4,2,4,4,2,4,5,2,2,5,5,4,2,3,4,5,2,2,5,1,5,2,5,2,2,1,5,2,4,2,2,4,4,2,4,2,2,5,2,2,3,4,5,2,4,5,4,2,2,4,2,1,5,5,4,2,4,3,2,1,4,2,5,1,4,3,4,4,5,5,4,5,4,2,5,4,2,5,2,4,3,4,3,4,4,4,4,2,2,5,4
LeeScott,3,2,1,2,2,5,4,5,4,4,2,5,5,2,5,4,2,2,4,5,4,2,2,4,5,5,1,5,5,2,4,5,2,2,3,5,2,5,1,2,4,4,2,4,2,3,2,1,1,4,4,4,2,1,4,4,2,2,4,2,2,5,5,1,2,5,2,2,5,5,2,5,3,4,4,5,4,5,1,4,2,5,2,5,4,5,4,2,5,1,4,5,4,4,4,5,5,4,5,5
ChloeRoss,5,2,2,3,2,4,2,4,4,4,2,5,4,4,4,3,1,2,4,4,5,1,2,1,5,2,2,4,4,2,2,2,2,2,4,5,2,4,1,2,4,4,2,4,2,2,4,2,2,4,2,4,2,4,4,4,2,2,3,2,4,2,4,2,2,3,5,2,1,4,5,4,1,4,4,5,4,4,4,5,2,4,2,5,4,2,4,2,5,5,5,4,4,2,5,4,2,2,5,4
JacobSimmons,5,2,2,5,5,4,2,5,4,1,2,4,4,5,4,5,2,1,5,4,5,1,2,2,4,4,2,4,5,5,4,5,2,2,4,5,2,4,5,5,4,2,2,4,2,5,4,1,4,4,4,5,2,4,5,1,2,5,5,1,2,2,5,2,2,5,4,5,2,4,5,4,3,4,4,5,5,5,5,4,1,5,2,5,5,2,5,2,5,1,1,4,4,4,4,1,2,2,5,5
AidenStewart,4,2,2,2,2,5,2,5,5,4,2,5,5,1,4,4,2,3,5,4,5,2,1,5,5,4,2,5,5,2,4,4,2,2,5,5,4,4,2,2,5,5,3,4,1,2,5,2,2,4,5,4,2,5,4,2,4,2,5,2,2,5,5,2,1,5,2,1,2,4,2,5,2,4,5,4,5,2,4,4,2,5,2,5,5,1,4,1,4,4,4,5,4,4,4,4,2,2,5,5
EmilyKing,4,2,2,4,2,3,3,2,4,4,4,5,5,2,4,5,2,2,5,1,5,3,2,4,4,2,2,2,5,3,2,1,5,2,5,4,3,4,3,2,4,4,2,1,2,2,5,2,4,1,4,5,2,4,5,4,5,2,4,2,4,2,5,3,1,4,2,2,2,4,2,4,2,2,4,5,4,2,4,5,4,5,2,5,4,2,4,2,4,4,4,3,5,4,4,4,5,2,5,4
ConnorGreen,5,2,2,2,1,4,2,4,4,4,5,5,4,2,4,5,3,4,5,2,4,2,2,2,5,2,2,2,4,1,2,2,1,2,4,5,2,4,2,2,4,4,2,4,1,2,5,2,2,4,4,5,2,5,4,4,4,2,4,1,4,2,4,1,2,5,5,2,2,4,5,4,2,4,5,5,5,2,5,5,2,4,2,4,5,2,3,2,4,4,5,4,4,3,4,4,2,2,5,3
AmeliaRobinson,4,2,2,4,1,4,2,2,4,3,1,5,4,2,4,4,5,2,4,4,5,2,2,2,4,5,2,2,4,2,2,2,1,2,4,4,2,4,2,4,4,4,2,4,2,3,2,2,2,4,4,5,1,4,4,5,2,2,4,2,2,3,3,2,2,4,4,1,2,4,4,4,2,2,4,5,3,5,4,4,2,5,2,5,4,5,4,2,4,4,4,4,5,2,3,4,5,2,5,5
LeoHarris,4,2,2,4,1,4,2,2,4,4,2,5,5,4,4,5,2,2,4,4,4,2,1,2,5,3,2,4,4,2,5,2,1,2,4,5,4,5,2,2,4,5,2,5,1,2,2,2,2,4,4,5,1,5,5,4,2,2,4,1,2,2,5,4,4,5,1,2,3,4,5,4,2,4,4,5,4,4,4,4,5,4,2,5,4,2,4,2,3,4,4,5,5,2,4,4,2,4,4,4
CharlotteCampbell,4,3,1,2,2,4,2,2,4,4,2,5,4,2,4,4,2,2,4,4,4,2,2,2,4,2,2,2,3,5,3,2,2,2,4,5,1,4,2,2,4,4,2,4,2,1,5,4,2,4,4,4,2,4,5,4,4,2,4,2,3,5,4,2,3,3,2,2,4,4,5,4,2,4,4,4,2,2,4,4,3,4,1,5,4,2,4,2,4,4,4,4,4,4,4,4,5,3,5,4
EllaGray,1,2,2,2,5,3,2,2,5,4,3,4,5,1,4,5,2,2,4,4,4,2,2,2,5,2,3,4,4,1,2,2,2,2,4,5,4,4,2,2,4,4,2,4,1,4,2,2,2,5,4,4,2,4,5,4,4,2,5,2,2,5,5,2,2,4,5,2,5,4,3,5,2,4,5,4,5,2,4,4,2,4,2,4,5,2,4,2,1,4,4,4,3,4,3,4,2,4,0,4
SarahJenkins,4,2,5,4,1,4,4,2,4,4,2,4,4,5,4,4,2,2,4,4,4,2,2,2,4,2,2,4,5,2,4,5,4,3,2,4,2,4,2,2,4,4,2,2,2,2,5,4,3,4,2,5,4,3,5,5,4,2,4,5,4,2,4,4,3,4,2,4,4,4,4,5,2,4,4,5,4,2,4,5,2,4,2,5,5,5,4,2,2,4,4,4,4,3,4,3,4,2,0,4
PaulMiller,4,2,2,3,2,4,2,5,4,5,4,4,4,2,4,4,2,2,4,4,4,2,1,3,5,2,2,4,4,2,2,2,2,3,5,5,4,5,2,2,4,5,2,4,2,2,2,5,2,4,1,4,2,4,5,4,2,2,5,1,2,2,3,1,2,3,5,2,2,4,2,5,2,5,4,4,4,5,5,4,2,5,2,5,4,2,5,2,4,4,5,5,5,4,4,3,4,2,5,4
ClaireBailey,5,4,2,2,5,4,4,4,4,2,2,5,4,5,4,4,2,2,4,2,4,1,2,3,4,4,2,2,4,5,3,2,2,2,3,5,3,5,1,2,4,4,2,4,2,2,2,2,2,4,4,4,2,3,4,4,2,2,4,2,5,4,4,2,2,4,4,2,5,4,2,4,2,3,4,4,4,2,4,4,5,4,2,4,5,4,4,3,4,3,4,4,4,4,5,4,2,4,5,4
MatthewRogers,5,2,1,2,2,4,4,5,1,4,2,4,5,2,4,4,1,2,5,4,5,2,2,2,5,4,2,4,4,2,4,5,5,2,4,5,2,4,2,2,5,4,5,4,1,2,5,2,4,4,4,4,1,2,5,4,2,2,5,2,2,5,5,2,2,4,3,1,5,5,5,4,4,5,2,4,4,2,5,4,1,5,1,5,4,5,4,2,4,4,5,4,4,4,5,5,3,2,5,5
SadieGibson,5,2,2,3,5,4,5,4,4,2,2,4,5,5,4,1,2,4,5,4,5,5,4,3,4,5,2,4,4,2,2,5,1,2,2,5,5,4,2,2,5,4,4,1,1,2,2,1,2,4,5,1,2,5,4,4,4,2,4,2,5,2,1,4,2,4,2,1,2,4,2,2,2,4,4,4,5,2,4,5,2,1,2,5,5,5,5,2,4,4,3,5,4,1,5,5,3,4,0,4
OliverWest,5,2,2,4,2,5,4,2,4,4,2,4,4,2,4,4,2,2,4,4,4,2,2,2,1,5,2,2,4,5,4,4,5,3,4,5,2,5,2,2,2,5,3,4,2,2,2,2,4,4,4,4,2,4,4,1,3,2,5,5,2,2,4,4,2,4,2,2,2,4,2,4,3,4,4,5,4,2,5,3,3,5,3,4,4,4,4,2,4,4,4,4,4,4,4,4,2,4,0,5
JuliaMorris,4,2,2,2,1,4,2,5,5,5,2,5,4,2,5,4,3,2,4,2,2,4,2,1,1,4,2,4,4,1,2,2,4,2,4,5,2,4,2,4,4,5,2,4,2,1,5,2,1,4,2,5,1,2,4,4,2,2,4,1,3,1,4,5,1,4,2,2,1,4,1,4,2,4,4,5,4,2,4,5,2,4,4,5,4,2,4,4,5,4,5,4,4,4,4,5,3,2,5,4
LindaPerry,4,2,1,2,5,1,5,2,4,3,2,5,4,2,5,4,2,2,4,5,5,2,2,2,4,2,2,5,5,2,3,2,2,3,1,5,2,4,2,2,4,4,1,4,2,2,2,2,2,4,4,4,1,4,4,5,2,4,4,5,2,1,4,2,2,4,2,1,5,4,2,4,2,4,4,4,5,2,4,4,2,4,4,5,4,2,4,2,4,4,4,4,4,4,4,4,2,3,5,4
WilliamDavis,4,2,2,2,5,4,4,4,4,4,4,4,4,3,4,5,2,5,4,3,5,2,2,2,4,3,3,4,4,4,3,2,2,2,3,5,3,4,5,4,3,3,1,4,2,2,4,5,2,4,4,4,2,4,4,4,2,2,5,1,2,2,5,2,2,4,2,2,3,5,4,3,3,4,4,5,4,2,4,4,4,4,3,4,4,2,4,3,4,5,4,5,5,4,4,4,2,3,5,4
DianaMartinez,5,4,4,2,2,4,4,2,4,4,2,4,4,4,4,4,3,2,4,4,5,3,3,4,4,2,2,4,5,4,2,2,2,2,4,5,2,4,3,2,4,4,3,2,2,2,2,2,2,4,4,4,2,3,4,4,1,2,2,2,4,5,4,3,2,4,2,2,2,4,2,5,2,5,4,5,5,5,4,4,2,4,3,5,4,2,4,2,5,4,5,4,4,4,5,3,2,2,0,4
RobertSmith,5,2,2,4,2,4,4,4,5,4,2,4,4,5,4,1,2,2,5,5,4,2,2,2,5,4,2,2,4,5,2,2,2,2,4,5,2,4,2,3,4,4,2,1,2,3,4,2,2,4,3,4,2,4,5,4,2,2,4,2,2,2,3,2,4,4,2,2,1,4,2,4,2,4,4,5,4,4,4,4,2,4,1,5,2,4,4,2,4,4,4,4,5,4,4,4,2,2,5,4
ElizabethBrown,4,2,2,3,3,4,3,2,4,3,2,4,4,4,4,3,5,2,4,4,5,2,2,2,4,4,2,2,5,5,2,2,1,2,4,5,2,3,2,3,4,4,2,3,2,2,3,5,3,4,4,3,2,5,4,3,2,2,4,2,2,2,4,4,2,4,4,4,2,2,5,3,2,4,4,4,4,2,5,4,2,4,4,5,4,1,4,3,1,4,5,4,4,4,4,4,2,3,0,4
MichealWilson,3,2,3,2,2,5,2,1,4,4,2,4,4,4,4,5,3,2,4,4,4,2,2,2,4,4,2,2,4,2,4,2,3,1,4,5,1,4,1,2,3,3,2,4,2,3,1,2,2,4,4,4,1,4,5,3,2,1,4,5,3,4,4,2,2,5,2,2,2,4,2,4,5,4,4,5,5,5,5,4,2,4,2,5,5,5,5,2,5,4,4,5,4,4,5,4,2,2,5,4
LindaAnderson,4,2,2,4,3,4,4,4,4,4,3,4,2,2,4,4,4,2,4,4,5,2,2,2,4,2,2,5,4,2,3,2,2,2,4,5,2,4,1,2,4,3,3,4,2,4,3,1,2,2,4,4,2,5,4,5,2,2,4,1,2,5,4,2,2,5,2,2,1,4,2,4,2,4,4,5,5,2,4,4,2,4,2,5,4,2,4,2,4,4,4,4,4,4,5,4,3,2,5,4
PaulWalker,4,2,4,2,4,1,2,4,4,1,4,4,4,2,4,2,2,2,1,4,4,2,2,5,5,5,2,4,4,3,2,5,4,1,1,5,2,4,2,2,4,4,2,4,2,2,4,2,2,4,4,1,1,5,5,4,2,2,5,4,2,2,4,2,2,4,3,2,3,5,2,4,3,4,4,4,4,5,4,5,5,3,2,4,3,5,4,2,1,5,1,3,4,4,4,4,2,2,5,4
JenniferTaylor,5,2,1,2,2,4,2,2,4,4,2,4,4,4,4,3,2,2,4,4,4,2,2,2,4,4,1,2,4,2,4,2,3,2,4,5,4,4,2,2,4,4,2,4,2,4,2,2,2,4,5,4,1,4,5,5,2,4,4,2,5,1,5,2,4,4,2,2,2,3,2,4,3,4,4,4,1,5,5,4,2,4,2,5,4,2,4,4,5,4,3,4,2,4,4,4,2,5,0,4
CharlesJohnson,4,2,5,1,1,4,3,2,4,4,2,5,4,5,5,4,2,2,5,2,4,2,2,2,4,2,2,4,4,3,2,2,3,2,4,5,2,4,2,3,4,4,2,4,3,2,2,2,3,1,4,5,1,4,4,4,2,2,4,5,4,2,4,2,2,4,3,2,4,4,2,4,2,4,4,5,1,4,4,4,2,4,2,5,4,2,4,2,3,3,4,4,4,4,4,4,4,2,0,4
YvonneClarke,4,2,2,2,2,4,2,2,4,4,2,5,4,3,1,4,5,1,4,4,4,2,2,5,3,2,2,2,4,2,3,2,2,2,4,5,2,4,2,2,4,4,2,4,2,3,1,4,2,5,4,4,2,4,4,4,2,2,4,1,4,2,5,2,2,4,2,2,2,4,5,5,2,4,5,5,4,2,4,5,4,4,2,5,4,2,5,2,4,5,4,4,4,4,5,4,3,1,5,4
MartinThompson,4,2,2,2,2,5,4,4,1,4,1,4,4,5,4,4,2,2,5,4,5,1,2,4,4,5,2,5,4,1,2,1,3,2,3,4,4,4,2,2,5,5,2,4,2,2,2,2,4,4,4,4,2,5,4,4,2,2,5,2,1,2,5,2,2,4,2,2,5,4,3,4,2,3,4,4,4,4,4,5,2,2,2,5,4,5,4,2,4,5,5,5,4,4,4,4,2,2,5,4
LolaMartin,4,2,2,2,2,4,4,2,5,1,2,4,3,2,4,4,4,2,3,2,4,2,2,5,4,2,2,2,5,2,2,2,2,2,4,4,3,3,2,2,4,5,2,4,2,2,2,2,2,4,4,3,1,4,5,5,2,1,4,2,2,2,5,2,2,4,2,2,2,4,2,4,1,4,4,5,4,2,1,4,2,4,5,5,4,2,5,1,5,4,4,3,4,4,4,4,5,2,0,4
MargaretPhillips,4,2,2,2,2,4,3,4,4,4,2,5,4,2,4,5,3,3,4,5,5,2,3,2,4,5,2,4,4,2,1,2,2,2,3,5,2,4,2,2,4,3,2,4,2,2,5,2,4,4,5,4,1,4,4,4,2,1,4,2,2,2,4,1,2,4,3,1,2,4,2,5,3,4,4,4,2,1,5,5,2,5,2,5,2,2,2,4,5,5,5,5,4,4,4,4,2,2,5,5
DerekThompson,4,2,2,4,2,4,2,5,1,4,2,4,4,2,4,4,2,2,3,4,4,2,1,2,2,5,2,4,4,1,2,2,2,5,4,3,2,4,5,2,4,4,2,5,2,2,2,2,2,1,5,4,2,5,5,4,5,3,4,2,2,1,5,2,2,2,1,5,5,4,2,5,2,4,5,5,3,1,4,4,1,4,1,5,5,2,1,1,4,5,5,4,4,4,1,5,3,1,5,4
VeraThompson,4,3,2,2,3,4,2,4,4,4,2,5,4,4,5,4,2,2,4,4,4,3,2,2,4,2,2,3,5,2,4,2,2,2,1,5,4,4,3,3,4,4,4,4,1,2,2,2,3,4,5,4,2,5,4,4,2,5,4,2,2,2,1,2,1,4,1,2,2,4,1,5,2,1,5,4,5,2,5,5,1,4,3,5,5,2,4,1,1,4,4,4,1,5,4,4,2,4,5,4
RichardLayton,4,2,2,2,2,4,2,4,5,2,2,5,1,5,4,4,2,2,1,4,3,2,3,2,4,2,5,2,5,2,3,2,2,2,4,5,3,5,2,2,4,4,2,4,2,1,5,1,5,4,4,4,2,4,4,4,2,2,4,2,2,2,4,2,1,5,1,4,2,4,5,2,2,4,4,5,4,5,5,5,2,4,2,5,5,2,5,4,5,5,4,4,4,1,5,5,2,2,5,4
RebeccaTurner,5,2,2,2,3,5,4,2,5,2,2,4,4,4,4,4,2,3,4,4,4,2,2,2,4,4,2,5,5,2,2,2,4,2,4,5,2,4,2,2,4,4,2,2,2,2,4,2,2,4,4,4,2,4,5,4,2,2,4,2,4,1,4,2,2,5,2,1,2,5,2,4,2,2,4,3,5,2,4,4,2,3,2,4,4,2,2,2,4,4,4,4,2,1,2,5,4,2,5,5
OliverHawkins,5,1,1,2,2,4,2,4,4,3,2,5,2,5,3,1,2,1,5,5,4,2,2,2,5,2,2,2,4,2,2,1,2,2,2,5,2,4,2,1,4,5,2,4,2,2,5,5,4,5,4,4,2,4,5,4,2,2,4,1,2,5,4,3,2,2,2,2,4,4,2,5,1,4,4,4,5,4,3,4,2,5,3,5,4,2,5,2,4,4,5,4,5,4,3,4,5,2,0,5
OliverSimmons,4,2,1,2,5,4,4,2,4,1,2,5,5,2,4,5,2,2,5,4,4,2,3,3,4,2,2,2,5,2,4,2,2,2,4,5,2,4,2,2,5,5,2,2,2,2,2,1,3,4,5,4,2,1,5,4,2,1,4,3,2,4,4,2,3,2,4,2,2,4,2,5,2,4,4,5,4,5,4,5,2,5,1,5,5,2,1,1,2,4,4,4,4,4,4,4,4,2,0,5
DerekJefferson,4,2,1,2,2,5,3,2,4,4,4,5,5,4,4,4,2,2,4,4,5,2,3,2,4,2,2,2,4,1,2,2,3,2,4,5,3,4,2,2,4,2,2,1,1,2,2,2,2,4,4,4,2,4,5,4,2,2,5,2,3,2,4,2,2,4,2,2,2,5,4,5,2,5,4,4,5,3,4,4,2,4,2,5,5,2,4,2,2,4,4,4,5,4,5,5,2,2,5,4
EvelynPatriciaSmith,4,3,2,2,3,4,4,2,3,4,2,5,4,2,4,2,5,2,5,4,4,2,2,2,5,4,1,4,4,2,3,2,2,2,4,5,2,4,2,2,4,4,2,4,2,2,5,2,2,1,5,4,1,5,4,5,2,1,5,1,2,2,4,2,2,2,2,2,2,4,3,5,2,4,4,4,4,4,3,4,2,4,2,5,2,4,4,3,2,3,3,4,4,4,4,5,3,2,5,4
ArthurMitcham,5,2,1,2,1,4,2,5,5,5,2,5,4,4,4,4,2,1,4,4,4,2,1,2,4,2,2,2,5,2,2,2,2,2,4,4,2,4,2,2,4,5,2,4,2,2,2,2,2,4,1,4,2,4,4,4,2,2,5,1,3,5,4,1,3,4,2,1,5,4,2,5,2,4,4,5,5,2,5,4,5,4,1,5,4,5,4,2,5,4,5,5,4,4,5,4,2,3,5,4
AliciaReynolds,4,2,2,4,2,4,4,2,4,4,4,5,4,2,4,5,2,2,4,4,4,2,2,2,4,5,3,4,4,2,2,2,2,2,4,5,4,4,2,3,4,4,3,4,2,2,4,2,2,4,4,5,2,4,1,4,2,2,4,2,2,2,5,4,2,3,2,2,2,5,5,4,2,4,2,4,1,2,3,3,1,4,3,5,4,5,4,2,4,4,4,4,4,3,4,4,2,2,5,5
EleanorPrichard,4,2,2,1,2,5,2,2,4,4,2,4,3,4,4,5,1,1,5,4,4,2,2,2,1,2,1,2,4,1,2,2,3,2,5,5,2,4,1,3,5,4,1,4,1,2,4,2,4,5,4,4,2,1,5,4,2,2,4,1,2,2,4,2,2,5,3,2,2,4,5,3,3,2,4,5,4,2,4,4,4,4,2,5,4,5,5,3,4,5,3,5,4,4,4,4,5,2,0,3
RachelThompson,5,1,2,3,3,4,4,2,1,5,4,4,4,4,4,3,4,2,4,4,4,2,2,5,4,2,1,2,4,4,2,3,4,2,4,4,2,5,1,2,4,4,2,4,2,2,5,2,3,4,5,4,2,4,4,4,2,4,4,1,2,2,4,2,2,4,2,2,5,2,2,4,2,4,4,4,4,5,4,4,2,5,2,5,4,2,4,2,2,5,4,4,4,4,4,4,3,5,5,4
DennisHarper,4,2,2,2,5,5,4,2,4,4,2,4,2,2,5,3,2,4,4,4,4,1,2,2,5,4,2,5,4,2,1,2,3,2,4,5,4,2,2,2,4,3,2,5,3,1,4,2,2,4,4,4,2,4,1,4,2,2,5,1,2,5,4,2,2,4,4,2,2,4,2,4,2,4,4,4,4,2,4,5,2,5,2,5,4,2,5,2,4,4,4,4,4,1,5,4,2,4,5,4
MartinDelgado,4,3,2,2,3,4,2,2,4,4,2,4,2,2,4,4,1,2,4,4,3,2,2,2,4,4,2,4,5,2,5,2,2,4,4,5,2,5,2,3,4,4,2,4,2,3,2,2,2,5,4,1,2,4,4,5,2,2,5,5,2,1,5,2,2,4,2,2,2,4,4,3,4,4,4,4,1,2,4,4,2,4,2,5,5,2,4,3,4,4,4,4,4,4,4,4,4,2,5,4
KathrynMiller,4,2,2,2,2,5,2,2,5,4,2,4,4,2,4,4,2,5,4,5,4,2,3,5,5,5,2,3,5,5,4,2,2,2,4,4,2,3,2,2,5,3,2,3,3,3,2,1,4,4,4,5,2,3,4,5,1,2,4,1,3,2,4,2,2,4,2,1,2,4,2,5,2,4,4,4,2,5,4,4,2,4,2,5,4,2,4,4,4,4,5,5,4,4,4,5,2,3,5,4
BruceDalton,4,2,2,2,2,4,2,2,4,4,3,5,4,5,5,1,2,1,4,4,4,2,2,2,4,5,2,5,4,1,4,2,2,2,4,5,2,5,2,4,4,5,2,4,2,2,5,3,2,4,4,4,1,4,5,5,2,2,4,2,2,4,4,2,1,4,2,1,2,4,2,4,2,4,4,5,5,2,1,4,2,4,3,5,5,3,5,2,4,4,4,4,5,4,4,4,4,2,5,5
OliverThornton,5,2,2,2,3,4,1,5,4,4,2,5,5,5,4,1,5,2,5,4,4,2,2,2,5,5,2,4,4,1,2,2,4,2,4,5,2,5,3,2,4,4,4,5,2,2,2,2,2,4,4,5,1,4,5,3,1,2,5,1,3,5,4,1,2,5,2,1,2,5,4,4,2,5,5,5,4,5,4,4,2,5,2,5,4,5,5,2,5,4,5,4,4,4,4,5,3,2,0,5
JamesBernardCalder,4,3,2,2,2,5,2,4,5,4,5,5,5,2,4,4,5,2,4,3,4,1,2,5,5,2,3,3,5,2,3,2,2,1,5,5,2,4,2,3,4,5,1,3,2,2,2,2,1,4,5,5,3,5,5,4,2,1,5,1,2,2,4,1,2,4,3,3,4,4,2,4,2,1,4,5,5,5,4,5,2,5,2,4,4,2,4,1,5,4,4,4,5,4,5,4,5,2,5,4
ElliottRoss,4,3,3,2,3,5,2,5,5,4,2,4,4,4,4,5,3,2,4,4,5,1,3,3,4,2,2,5,5,2,2,4,3,1,1,5,2,4,2,2,4,4,1,4,2,2,4,3,2,4,4,4,2,5,1,4,2,2,4,2,2,5,4,2,2,3,2,2,2,4,3,5,2,5,5,5,5,5,4,4,2,4,2,5,4,2,4,2,4,4,4,4,4,2,4,4,2,2,5,5
GeorgeMatthews,5,4,4,2,4,5,4,3,1,1,4,5,2,5,5,4,2,4,5,4,5,1,2,2,5,5,1,5,4,1,2,5,2,2,1,5,2,5,2,2,5,4,3,4,2,2,2,2,1,4,4,4,1,4,4,4,3,2,4,4,2,2,4,2,2,5,2,2,2,5,2,4,2,2,4,5,5,5,4,4,1,4,2,5,4,4,5,5,5,4,3,4,4,4,5,4,2,2,5,4
RobertAnderson,3,1,2,2,2,4,5,2,1,5,2,5,5,4,5,4,5,2,4,4,5,2,1,2,4,2,2,2,4,2,3,2,2,2,5,5,2,5,2,3,5,5,3,4,2,1,2,5,3,1,5,5,2,4,5,4,2,1,5,2,2,4,5,2,3,4,2,1,2,4,5,4,3,4,4,5,1,5,4,5,2,5,2,5,4,2,4,2,3,4,4,2,1,4,4,4,5,1,0,4
RonaldBaker,5,2,2,2,2,4,4,5,5,4,2,4,5,2,4,2,2,2,5,4,4,2,1,1,5,2,2,4,4,1,3,2,2,2,4,5,3,5,1,2,4,5,2,4,2,2,2,4,1,3,5,5,1,4,1,1,2,2,4,5,2,5,5,2,2,4,2,1,2,4,2,5,2,4,4,5,5,1,5,4,1,4,2,4,4,2,5,2,4,4,4,5,4,1,4,4,5,2,5,5
RobertFoster,4,2,2,2,1,5,4,4,4,4,2,3,5,5,4,4,2,1,5,5,4,2,2,2,4,4,2,2,4,1,2,5,2,2,5,5,1,4,2,2,4,5,1,5,2,2,1,5,5,4,4,5,1,4,5,4,2,2,4,5,4,4,4,2,2,4,2,2,2,4,3,4,3,4,5,5,4,5,5,4,2,5,2,5,4,5,5,1,4,4,5,4,5,5,5,4,2,2,5,5
MarvinClark,4,2,2,2,2,4,4,5,3,4,2,1,5,2,5,4,1,3,5,4,4,2,1,2,5,4,2,5,5,5,2,2,2,4,5,5,3,4,2,2,4,5,1,4,2,4,2,4,3,4,5,5,1,5,5,4,2,2,4,2,5,4,5,2,1,4,1,2,3,4,1,4,2,4,5,4,5,5,5,4,2,4,5,4,5,1,5,2,4,5,5,5,5,2,4,4,3,2,5,5
WilliamTanner,3,2,2,4,2,4,4,4,5,4,2,5,4,5,4,4,2,2,1,5,4,2,2,2,5,2,1,4,4,2,2,2,2,2,4,5,2,4,1,2,5,4,2,4,4,2,2,2,2,5,4,5,2,4,5,4,1,1,4,2,4,4,3,2,2,4,2,1,5,4,4,5,2,4,4,5,5,5,4,5,5,4,2,5,4,4,3,1,5,4,4,4,4,4,5,4,3,4,5,4
FrederickJohnson,5,2,1,2,2,5,2,4,5,5,3,5,4,5,5,4,2,2,5,4,4,1,2,2,4,2,2,2,4,1,3,2,2,1,4,5,2,1,2,2,4,5,2,4,2,2,2,5,1,2,2,5,1,2,4,4,1,1,5,1,1,5,5,2,3,4,2,2,1,4,4,4,2,4,4,5,4,1,5,3,2,2,2,5,4,2,4,2,4,4,4,4,4,4,5,5,4,2,5,4
LeonardMitchell,5,2,3,2,1,4,5,5,4,4,2,5,5,4,5,5,2,1,5,4,5,1,2,2,4,2,2,2,4,2,1,2,3,2,1,4,2,4,2,2,5,4,3,4,2,3,3,5,3,4,5,4,1,5,5,5,1,2,5,1,3,2,5,2,2,4,1,2,2,5,2,5,2,4,4,5,4,5,2,4,2,5,1,5,5,1,5,2,5,4,5,4,4,4,4,4,2,2,5,4
MilesThompson,5,2,2,2,2,4,2,2,4,5,2,5,2,3,5,2,2,1,5,5,4,2,3,2,4,2,2,2,5,2,2,2,2,2,1,5,2,4,2,2,3,3,1,4,2,2,5,2,2,4,4,5,2,4,5,4,2,2,4,2,1,2,1,2,3,4,2,2,5,4,5,5,3,4,4,4,2,4,4,4,1,5,2,5,4,1,5,2,5,4,4,3,4,4,5,4,2,2,5,5
HenryThompson,5,1,1,3,2,5,2,2,4,5,2,5,4,2,4,5,2,2,5,4,4,1,2,2,1,2,1,2,4,1,2,2,2,2,1,5,2,5,1,2,4,5,1,4,1,2,4,2,1,5,1,4,2,5,5,5,2,2,5,5,2,2,5,2,2,4,2,2,1,4,1,5,2,5,5,4,5,2,4,4,1,2,2,5,5,2,5,1,4,4,4,4,4,4,5,4,2,1,5,5
RobMitchell,5,2,1,2,2,4,4,5,5,4,2,5,5,5,5,4,2,2,5,4,4,2,2,2,5,4,2,2,5,2,4,5,5,2,4,5,2,5,2,2,5,4,2,5,2,1,2,2,2,2,5,4,2,4,5,5,2,2,4,1,2,5,5,2,2,5,2,2,5,4,4,4,3,4,5,5,4,5,4,5,1,5,2,5,4,2,4,2,4,4,4,5,4,4,4,5,5,2,0,5
GeorgeMitchell,5,2,2,4,2,4,2,2,4,4,2,4,4,4,1,4,1,3,4,2,5,2,2,4,4,2,1,4,4,5,2,4,2,1,2,5,5,4,2,2,4,4,2,4,2,2,2,2,1,4,4,5,1,5,4,5,2,1,4,2,2,2,4,1,2,3,2,2,2,4,4,4,5,4,4,5,4,3,5,4,4,4,2,5,4,3,5,1,5,3,1,4,4,4,1,4,2,2,5,5
MartinLloyd,4,4,4,2,5,4,4,2,4,4,4,4,4,4,4,4,2,2,4,4,4,2,3,2,4,2,2,5,5,2,2,2,3,2,4,5,4,5,1,2,5,4,2,4,2,3,4,2,2,4,4,4,2,4,4,5,2,1,4,5,5,5,5,2,3,4,2,4,2,5,2,5,2,4,4,4,2,5,5,4,5,4,2,5,4,2,5,4,1,4,4,4,4,4,5,4,5,5,5,5
RonaldHarper,5,2,2,2,3,4,2,2,4,5,1,5,4,4,4,4,2,2,4,4,4,1,1,2,4,2,2,2,5,1,2,2,2,2,5,5,4,2,2,2,5,5,2,4,2,2,2,1,3,4,5,5,1,4,3,4,2,2,4,1,3,5,5,2,1,3,2,2,2,4,2,4,2,5,5,4,5,5,1,4,2,5,2,5,4,2,5,1,1,3,1,4,3,5,4,4,2,3,5,5
GeorgeTempleton,4,2,3,2,2,1,5,4,4,4,2,5,5,4,4,4,2,2,4,4,5,2,2,5,4,5,1,2,4,2,2,2,2,2,1,5,2,5,2,2,4,2,2,4,2,4,2,2,2,4,5,5,1,4,5,4,2,1,3,1,3,5,4,4,3,4,2,2,2,4,3,4,2,2,4,4,4,2,4,4,2,4,2,5,3,5,5,2,4,4,5,3,2,4,4,5,4,4,5,5
IsaacSullivan,4,1,3,2,2,5,2,5,4,4,1,5,4,2,4,4,1,1,4,4,5,2,1,5,5,2,2,2,4,1,5,3,2,2,5,5,3,4,2,2,5,3,2,1,1,3,4,4,2,5,4,4,1,4,5,4,5,1,5,1,1,2,5,2,3,4,1,2,2,4,4,5,2,3,3,5,4,5,4,5,3,3,5,5,1,5,4,3,5,5,4,4,4,5,3,5,5,2,5,4
ThomasDale,4,2,2,3,2,5,2,5,4,4,4,5,5,2,4,5,4,2,5,4,4,2,3,2,4,2,2,2,5,4,2,5,2,2,4,5,2,4,2,2,4,5,2,4,2,1,2,5,2,5,4,5,1,4,3,4,2,2,4,2,2,5,4,2,2,4,1,2,2,3,2,5,5,4,4,4,4,1,4,4,2,4,2,5,1,2,5,2,5,3,4,4,4,4,5,4,2,2,5,5
FranklinPorter,5,1,3,1,2,5,4,5,4,2,2,5,4,2,4,4,3,1,5,3,4,1,2,5,4,5,2,4,4,2,3,2,2,2,5,4,2,4,1,2,4,3,3,4,1,2,5,1,2,4,4,5,2,4,4,4,2,2,4,1,2,5,3,1,2,1,2,4,4,4,2,4,1,4,5,5,4,1,4,4,1,4,3,5,3,5,4,2,4,5,4,4,4,1,4,4,5,2,0,4
SamuelPierce,5,2,1,3,3,5,2,5,5,5,2,5,5,5,4,5,2,2,4,4,5,2,1,1,5,2,1,2,5,1,2,1,2,2,1,5,3,4,2,2,4,5,1,3,2,2,1,2,4,4,4,4,2,5,5,4,1,2,5,2,1,2,4,1,2,5,2,1,1,5,2,5,4,4,5,5,5,2,4,4,2,4,2,5,5,5,5,3,4,4,5,4,5,4,4,4,1,2,5,4
EdwardThomas,4,2,4,2,2,4,2,5,4,4,2,4,5,2,1,4,2,2,4,4,5,2,2,1,4,4,1,5,5,2,1,4,2,2,4,5,2,5,2,2,4,4,2,4,2,2,5,2,3,4,4,4,1,4,4,4,4,2,4,1,2,4,5,2,1,4,2,2,2,4,2,4,2,4,4,4,4,2,4,4,2,5,1,5,4,5,5,1,1,4,4,4,4,1,4,4,4,2,5,4
HaroldWinchester,4,2,2,2,2,4,4,4,4,3,2,5,4,2,4,5,2,2,5,3,4,2,1,2,4,2,2,3,5,2,1,2,2,2,4,5,2,4,2,1,4,5,2,4,4,2,2,3,2,4,5,5,2,4,5,5,2,2,5,2,2,2,5,2,2,4,2,5,4,4,2,4,3,4,4,5,4,2,4,5,2,4,1,5,4,1,4,1,5,5,4,5,5,4,1,4,3,3,5,5
NormanElliot,5,2,2,2,2,4,4,2,4,5,2,5,4,2,4,1,2,2,4,4,4,3,2,2,5,4,2,4,5,2,4,2,2,1,4,5,2,4,3,2,4,4,2,4,1,2,2,5,2,5,4,5,2,4,5,4,2,2,4,1,5,5,4,2,4,4,3,2,2,4,2,4,2,5,5,4,5,2,5,5,2,5,1,4,4,2,4,2,4,4,4,4,5,4,5,4,2,2,5,4
RebeccaTorres,5,2,2,2,4,4,2,2,4,4,2,5,5,4,1,4,4,4,4,4,4,2,2,2,4,2,2,2,4,2,4,1,2,2,5,4,4,5,5,2,5,4,2,4,2,2,2,2,2,4,5,4,2,5,5,4,2,2,4,1,2,1,4,2,2,4,2,1,2,4,2,5,2,3,4,4,1,2,4,4,2,4,4,5,4,4,5,2,4,5,5,4,4,4,5,5,4,1,5,4
DerekEvans,5,1,1,2,1,5,2,2,4,4,2,4,5,5,4,4,1,2,5,4,4,2,2,2,4,2,2,5,5,2,3,2,2,2,4,5,1,4,2,4,4,4,1,4,2,2,2,1,4,5,2,4,1,4,5,4,2,2,4,2,4,5,4,2,4,4,2,2,2,4,4,4,5,4,4,5,4,2,4,4,2,5,1,5,4,2,4,2,4,3,4,5,5,4,2,5,2,4,4,4
DavidSmith,5,1,2,2,2,4,2,5,4,4,2,5,4,2,4,4,2,2,4,5,4,1,1,2,5,2,3,4,5,1,2,1,1,2,4,5,1,5,2,2,4,4,4,4,2,2,4,2,2,5,5,5,1,5,5,4,2,2,4,5,2,1,4,2,2,3,2,2,2,4,2,5,3,4,4,4,5,2,4,4,2,5,1,5,4,5,5,2,5,4,5,4,4,4,4,5,2,2,5,5
EthanWood,5,3,2,2,2,5,2,2,5,4,1,4,4,2,4,1,5,2,5,2,5,3,2,2,4,2,2,2,5,2,5,2,2,4,4,5,2,5,2,2,4,4,2,4,2,1,2,5,2,4,4,4,2,4,3,4,1,2,4,1,2,5,4,2,3,4,2,2,2,4,2,5,2,4,3,4,1,2,5,4,2,4,2,5,2,2,5,2,4,4,3,5,2,4,5,5,2,2,5,4
TheoMoore,5,2,1,2,4,1,3,4,5,5,2,4,4,2,5,5,2,2,3,5,4,2,2,4,4,2,2,2,4,2,5,2,2,4,1,5,3,4,2,2,4,5,2,5,3,4,2,5,2,5,5,4,2,4,4,4,4,1,4,5,2,2,4,2,2,5,2,1,2,4,2,4,4,4,4,4,4,5,4,5,1,4,2,5,4,5,4,2,5,4,4,4,4,4,4,4,4,3,5,4
CalebCooper,4,2,4,2,2,4,4,2,4,4,1,5,4,2,4,5,2,2,4,5,5,2,2,4,2,5,2,3,5,2,4,2,2,2,4,5,2,4,2,2,4,4,2,4,2,2,2,5,3,2,4,5,1,4,5,4,1,2,4,2,2,5,4,2,2,5,2,2,2,4,2,3,2,4,5,5,1,5,4,4,2,4,2,5,1,2,5,2,4,4,4,4,4,4,4,5,4,2,5,4
StellaBrown,4,2,2,2,2,4,2,4,4,4,1,5,5,1,4,4,1,2,4,4,5,1,3,2,4,2,2,2,5,1,2,2,2,2,5,5,3,5,2,2,4,4,2,4,1,2,4,1,2,3,4,5,1,5,5,4,2,2,4,1,1,2,5,2,2,4,2,2,2,4,2,4,1,4,4,5,1,2,4,5,2,5,1,5,4,2,5,2,4,5,5,4,5,4,4,4,2,2,5,4
NaomiSpencer,4,2,1,4,4,4,2,4,5,4,5,5,4,2,4,4,2,2,4,4,5,2,2,2,4,4,3,2,5,2,2,3,3,2,4,5,3,4,1,2,4,5,2,4,2,2,2,2,2,5,4,5,2,5,5,4,2,2,5,1,2,2,4,2,2,4,1,3,2,4,2,4,2,3,4,4,4,2,3,5,2,5,2,5,4,3,4,2,1,2,5,4,4,4,4,4,4,3,5,4
AbigailPeters,4,2,2,2,2,4,2,4,4,5,2,4,4,2,5,4,2,2,4,4,1,1,4,2,5,4,1,4,4,2,2,1,2,2,1,5,4,4,2,2,4,4,2,4,2,2,2,2,2,4,5,5,2,4,5,4,2,2,5,2,2,2,4,2,4,4,2,2,4,5,2,4,2,4,4,5,4,2,5,4,4,3,2,5,5,1,4,2,5,4,4,4,5,4,4,5,2,2,0,5
ZacharyRoss,4,2,5,2,2,3,5,2,5,4,2,4,4,2,4,3,4,2,4,4,4,2,4,5,4,3,2,4,5,2,2,2,4,2,4,5,4,4,2,2,5,4,2,1,2,2,1,2,3,4,4,4,1,5,4,4,5,2,5,2,5,2,4,2,4,4,2,2,2,4,2,4,3,3,4,5,2,4,2,5,3,1,2,5,4,1,4,3,4,4,5,4,4,4,4,4,4,4,0,4
AliciaWatson,4,5,2,2,2,4,2,2,5,5,3,5,4,5,2,3,2,4,4,4,5,1,1,2,4,2,2,2,3,2,2,2,2,1,4,5,2,4,2,2,4,4,2,4,4,2,4,2,3,4,1,4,1,4,4,4,2,3,4,3,2,4,4,2,2,4,3,2,2,3,4,4,3,4,4,4,1,2,4,1,3,5,2,5,4,2,5,2,4,3,5,4,4,4,4,4,4,2,5,5
VioletEvans,5,2,3,4,2,4,3,2,4,4,4,4,4,2,4,5,2,2,5,3,4,2,5,2,4,4,2,2,4,2,3,1,2,2,5,5,4,4,2,2,4,4,2,4,5,2,4,3,2,4,4,4,1,4,5,4,4,4,4,5,4,2,4,5,2,4,2,2,2,4,2,5,2,4,5,4,4,5,4,4,2,4,2,5,4,2,4,2,5,4,4,5,4,4,4,5,3,2,5,5
OwenMurray,4,2,2,3,2,4,2,4,4,5,5,4,4,2,4,4,2,2,4,2,4,2,2,3,4,3,1,4,4,2,4,1,4,2,1,5,4,4,2,3,4,2,2,4,4,2,4,2,2,4,5,2,2,5,4,4,2,4,5,2,4,1,5,2,2,5,2,2,3,3,5,4,2,4,4,4,2,4,2,3,4,4,2,5,4,2,3,2,4,3,4,4,5,3,4,5,5,2,0,3
MollyPerkins,5,2,2,1,2,4,2,2,5,4,2,4,5,4,4,4,5,2,4,4,4,2,2,2,5,5,1,2,4,1,3,2,2,2,4,4,2,3,2,2,4,4,3,4,1,2,4,2,2,4,4,4,2,4,5,5,2,2,5,2,2,5,5,2,2,4,3,2,2,4,2,4,2,4,4,4,1,2,4,4,2,4,2,5,4,2,4,3,4,4,4,4,4,4,4,5,5,5,5,4
EthanRoss,4,2,1,4,2,4,4,4,4,4,2,4,5,2,5,5,5,2,4,5,4,2,2,2,5,1,2,2,4,1,2,5,1,2,4,5,2,4,1,2,2,4,2,4,2,2,5,2,2,4,4,5,2,4,5,4,2,2,4,4,1,2,5,2,2,4,2,1,2,4,2,5,2,5,4,4,1,5,5,4,4,5,4,5,4,2,1,2,5,5,5,4,4,4,5,4,2,4,5,5
NatalieHoward,4,3,4,2,2,4,2,2,4,4,2,4,4,2,4,3,3,2,4,3,4,2,2,3,5,2,2,2,4,2,2,2,2,2,1,5,5,4,5,2,2,4,2,4,2,2,2,3,2,4,4,5,2,4,1,4,2,2,4,5,2,2,4,4,2,4,2,2,2,4,2,4,3,3,4,5,4,5,4,5,4,4,3,5,4,5,4,1,4,5,5,4,4,4,4,4,2,2,5,5
SophiaClarke,4,2,3,1,2,4,4,4,4,4,2,4,4,2,4,4,1,2,4,4,4,2,2,2,5,4,2,4,4,2,2,2,4,2,5,5,4,4,1,2,4,4,2,4,2,2,4,4,4,1,4,5,2,4,5,4,2,2,4,2,2,2,5,5,2,4,2,2,2,4,2,4,2,3,3,5,4,5,4,5,5,4,2,5,4,2,2,2,4,4,4,3,4,2,5,4,4,5,5,3
KatherineLawson,4,2,2,2,3,2,5,2,3,4,2,5,4,3,4,4,3,2,4,4,4,1,2,4,4,2,2,2,5,2,2,2,2,4,4,5,2,2,2,2,4,3,2,4,2,2,2,2,2,3,4,5,2,4,2,4,5,1,4,2,4,2,2,4,2,4,1,3,3,4,4,4,2,4,5,4,4,5,3,4,4,4,3,5,3,2,4,2,4,4,2,4,4,4,4,4,4,2,5,4
ZanePeterson,5,2,2,2,2,5,2,4,4,4,2,4,5,2,4,4,2,2,4,1,4,1,2,5,4,2,1,3,5,1,2,1,2,2,4,3,2,5,2,2,4,4,2,4,2,2,5,4,2,4,4,4,1,4,4,4,4,2,4,1,2,1,4,2,2,5,5,2,2,5,5,5,2,4,4,4,1,5,1,4,2,5,2,5,5,5,5,3,5,4,5,4,4,4,5,5,2,1,0,4
AbigailSaunders,4,4,2,2,2,5,2,2,4,4,2,5,4,1,5,5,2,2,4,4,4,2,2,5,4,4,2,4,5,2,3,2,4,3,4,4,3,4,2,2,4,5,3,4,2,3,2,4,3,4,5,5,2,5,4,3,4,2,4,4,5,5,5,4,2,4,2,2,3,4,2,4,1,3,4,4,4,2,1,4,2,4,1,5,1,3,4,1,4,5,5,4,4,4,4,4,5,4,0,5
TrixieBell,4,2,2,5,2,4,2,2,4,5,2,4,5,5,5,1,2,2,5,5,4,2,2,2,4,2,2,1,5,2,2,2,2,3,4,4,3,4,2,1,4,5,2,4,1,4,2,2,2,3,4,4,1,4,5,4,2,1,4,2,2,1,4,2,2,5,2,2,2,4,4,5,2,4,5,5,4,2,5,4,2,1,1,4,4,1,4,2,4,4,4,3,4,4,5,4,2,4,5,4
EarlCooper,4,1,2,2,2,4,2,1,5,4,5,4,5,1,4,4,2,3,5,4,5,2,1,2,5,5,2,2,5,5,4,2,2,2,4,5,1,5,2,2,5,5,2,4,2,2,2,2,2,5,4,5,2,4,5,4,1,2,5,5,2,4,1,2,2,5,2,3,2,4,2,5,3,4,4,5,4,2,4,4,1,5,2,5,4,2,4,2,4,5,4,5,4,4,4,4,2,3,5,5
JenniferMayfield,4,2,2,3,2,5,2,2,4,4,4,4,4,2,5,4,2,5,4,3,5,2,2,2,4,2,2,3,5,2,2,2,4,5,4,5,3,4,2,2,5,4,2,4,2,1,4,3,4,3,5,4,2,4,4,4,2,2,2,4,2,2,3,1,4,4,2,2,1,4,2,4,3,1,5,5,2,5,2,4,3,5,2,5,4,1,5,2,4,4,3,5,4,4,4,4,2,2,5,4
TomWright,3,3,3,2,2,4,4,2,5,2,2,5,4,2,4,5,1,2,4,4,4,2,2,2,4,2,2,2,4,2,2,1,2,2,1,5,3,4,3,2,4,5,5,4,2,2,2,3,2,4,5,1,5,5,5,4,2,3,4,4,2,1,4,2,2,5,3,2,2,4,2,4,4,5,4,5,3,2,5,4,3,4,2,5,4,2,4,2,4,5,5,4,4,4,5,4,2,2,0,4
MarianneSwift,5,2,2,2,2,4,3,3,4,4,2,5,4,2,4,5,2,4,4,4,4,1,3,2,5,2,2,4,4,1,2,2,2,2,4,4,2,4,2,2,4,4,2,3,4,1,3,4,3,4,4,5,2,4,4,4,2,1,3,2,4,2,4,3,2,4,4,1,2,1,2,4,2,4,4,5,4,5,4,5,2,4,2,5,3,1,5,2,4,4,3,4,4,4,4,4,4,2,0,4
MargaretMaggieDupont,5,2,4,2,2,5,4,2,4,1,2,5,3,2,4,5,1,2,4,3,4,1,2,2,4,4,1,4,5,1,1,1,4,2,1,5,3,4,2,3,4,4,4,4,1,2,2,2,2,3,4,4,2,5,4,3,4,2,4,2,3,2,5,2,2,4,2,1,2,4,5,5,2,3,5,5,3,2,4,4,2,4,1,5,5,2,5,2,4,4,1,4,4,4,5,4,2,2,5,4
HenryLambert,4,2,2,2,3,4,2,5,4,4,2,3,4,2,4,1,5,2,4,2,4,3,2,4,5,2,2,2,4,5,2,2,5,3,1,5,2,3,3,4,4,4,2,4,2,4,2,2,4,4,2,4,2,5,4,4,2,2,5,1,2,2,5,4,2,4,2,2,1,4,4,4,2,5,3,4,4,2,1,4,5,5,2,5,5,2,4,4,4,4,4,4,4,1,4,4,2,2,5,5
LindaJacobs,5,2,2,3,1,4,4,2,4,4,2,4,4,2,5,5,4,3,3,3,4,2,2,2,5,3,2,2,4,2,3,2,3,2,4,5,3,5,2,2,4,5,2,4,2,3,2,2,2,4,5,4,2,4,5,4,2,1,5,1,5,2,4,2,4,3,2,2,2,4,2,4,2,2,2,4,1,2,3,5,2,4,2,5,4,1,4,2,4,4,3,3,4,4,4,4,2,3,0,5
CassandraHolt,5,2,2,2,2,4,2,4,4,4,2,4,3,5,4,5,2,1,4,5,4,1,4,2,3,5,2,2,4,1,2,2,2,2,4,5,2,4,2,2,4,4,3,5,2,2,2,2,2,4,2,4,2,4,5,4,2,2,4,1,2,2,5,2,2,4,1,3,2,3,2,4,2,4,4,4,4,2,4,4,3,4,2,5,4,2,4,1,5,5,4,4,4,4,5,4,2,3,5,5
DerekHamilton,4,2,2,3,2,4,3,2,4,2,3,5,4,5,4,4,2,5,5,4,4,2,1,1,5,5,2,2,4,4,2,2,2,1,5,5,4,5,2,2,4,4,2,3,2,2,2,2,2,4,5,4,2,3,5,4,2,2,4,2,2,5,4,4,3,4,2,2,1,4,5,5,4,4,4,5,4,5,4,4,2,5,2,5,1,4,4,1,5,4,4,5,4,4,4,5,2,3,5,4
BrendanSullivan,4,2,2,2,2,4,3,2,4,4,1,5,4,2,4,4,4,2,4,5,4,2,2,2,5,2,2,2,5,2,2,4,2,2,5,5,4,4,3,2,5,5,1,4,1,1,5,2,5,4,4,5,1,4,5,4,5,2,4,1,5,1,4,5,1,4,2,2,4,4,4,4,3,4,4,4,2,2,3,5,4,4,2,5,4,2,4,2,4,5,5,4,4,4,5,4,4,2,0,4
DerekSampson,4,2,2,2,2,1,2,2,4,4,2,4,3,5,4,5,2,1,4,4,4,2,1,5,4,5,2,2,4,4,2,2,1,1,4,5,2,4,1,2,5,5,2,4,2,2,2,2,2,4,5,4,1,4,5,2,2,2,5,2,2,2,4,1,2,4,1,1,2,4,5,5,2,4,5,4,4,1,4,5,2,4,2,4,4,5,5,2,1,4,5,4,4,5,5,5,2,2,5,4
HarryFinch,4,2,2,2,2,4,2,4,4,4,2,4,4,4,3,4,2,1,1,2,5,2,4,4,4,2,3,2,5,5,3,2,2,3,4,5,4,4,2,2,4,4,2,4,4,4,3,2,2,4,2,4,2,4,4,1,4,4,4,3,2,2,5,2,4,4,2,3,2,4,2,4,2,1,4,3,4,2,4,3,5,5,2,5,4,1,4,2,5,4,4,4,5,1,4,4,3,2,0,5
ClarenceHartley,5,1,1,2,2,5,5,4,1,4,2,4,5,2,4,4,2,1,4,5,5,2,2,2,5,5,2,2,5,1,2,2,2,1,5,5,3,4,3,1,4,5,2,4,2,2,2,2,2,4,4,4,1,4,4,5,1,2,3,1,2,2,5,2,1,4,2,2,1,4,2,4,2,5,4,5,5,3,3,5,2,3,1,5,4,1,5,2,5,4,4,4,5,4,5,5,4,2,0,4
GeraldineHopkins,4,2,2,2,1,4,2,2,3,4,2,4,4,4,4,4,1,2,3,2,4,2,2,3,4,2,1,2,4,2,2,2,2,2,4,4,1,4,2,2,4,4,1,4,1,1,2,2,2,4,4,5,2,1,4,4,2,1,5,2,4,5,3,2,2,4,3,2,2,5,3,4,2,4,4,5,4,1,1,4,5,4,2,5,4,2,4,2,3,4,5,3,4,4,4,4,2,3,5,4
ThomasSheffield,5,2,1,4,1,5,3,1,1,5,1,5,4,4,5,4,1,1,4,4,5,2,1,2,5,5,1,2,4,1,4,2,2,2,4,5,2,5,1,2,5,4,2,4,1,2,2,1,2,4,3,5,1,4,4,4,2,2,5,2,2,5,4,2,1,5,2,1,1,4,1,5,2,5,5,4,5,2,4,3,1,5,2,5,4,1,4,2,4,5,5,5,5,4,5,4,1,4,5,4
LindaMarlowe,4,3,3,2,3,5,3,2,1,1,2,5,1,2,4,4,4,2,4,4,5,2,2,2,4,2,3,5,4,4,2,2,3,1,5,4,2,4,2,2,4,4,3,2,2,2,2,2,1,4,4,4,2,3,5,4,2,2,4,2,2,4,4,4,4,5,4,2,2,3,4,4,3,5,4,4,4,2,4,5,2,4,2,5,3,3,4,2,4,4,4,5,4,4,5,4,2,2,5,5
XavierThompson,4,2,2,1,2,5,2,1,4,4,2,5,4,2,4,1,2,1,5,5,5,2,1,1,4,2,2,2,5,1,2,2,2,2,4,5,2,5,2,2,5,5,2,4,1,1,2,1,1,4,5,4,1,5,5,4,2,4,5,2,2,2,4,2,2,5,2,2,2,5,2,5,3,4,5,5,1,2,4,5,2,5,2,5,4,2,5,2,5,5,4,4,3,5,5,4,2,2,5,4
DavidBenjamin,4,3,2,2,2,4,2,2,5,4,2,4,5,4,4,3,4,1,3,5,5,1,2,2,4,3,2,4,5,1,2,2,4,2,1,5,3,4,3,4,4,4,2,3,1,2,4,2,2,5,5,4,2,5,4,4,2,2,4,1,4,2,4,2,2,5,2,1,2,4,2,4,2,3,5,5,5,3,4,4,2,2,5,5,4,2,2,2,4,5,5,5,4,2,3,4,2,3,5,4
ClaraStevenson,4,2,2,2,4,5,2,2,4,4,2,4,2,1,4,3,2,2,4,4,5,2,2,2,4,2,2,3,4,2,2,2,2,2,3,4,2,3,3,2,4,4,2,4,2,2,4,2,2,4,4,4,1,4,5,5,2,2,4,2,1,2,5,5,2,4,1,1,2,4,4,4,3,3,3,5,4,4,4,4,4,4,3,5,4,2,4,2,5,4,4,4,4,4,5,3,2,4,5,4
RobertShaw,4,2,2,2,1,5,4,5,5,4,4,4,4,5,4,4,2,2,4,4,4,3,2,2,4,4,1,2,4,5,2,2,2,2,4,5,2,5,2,2,4,4,2,4,2,2,2,2,3,4,4,4,1,5,5,3,2,1,4,1,2,5,4,4,2,4,2,1,2,5,2,4,2,4,4,5,4,4,4,4,2,4,2,5,1,5,5,2,4,4,5,4,4,4,5,4,5,2,0,5
ReginaldGrant,3,4,2,2,2,4,2,4,5,2,2,4,4,2,4,4,4,2,5,3,5,2,2,2,4,4,2,4,3,2,3,1,4,2,4,3,2,5,3,3,5,4,2,5,2,2,2,4,2,5,4,5,2,3,4,3,2,2,5,2,2,3,4,3,4,4,3,2,2,4,5,5,2,4,4,4,4,5,4,4,2,4,2,5,4,2,5,2,5,4,4,4,4,4,1,5,2,5,5,4
AliciaThompson,4,3,2,1,2,4,4,2,1,4,2,4,5,5,4,2,2,2,4,3,4,3,2,2,3,2,3,3,5,2,2,2,2,3,4,4,3,4,4,2,4,4,3,4,2,2,2,4,4,4,3,5,2,5,4,4,3,2,5,5,5,4,4,2,1,4,2,2,2,4,2,4,4,4,4,5,3,2,4,4,2,4,4,5,4,1,4,2,4,4,4,4,4,4,4,4,4,3,0,4
MeredithGrayson,4,2,2,3,2,1,4,2,3,4,4,4,4,2,4,4,3,2,4,4,4,1,2,2,5,2,2,2,4,3,2,1,2,2,5,4,2,4,2,2,3,5,2,3,2,2,5,2,2,4,4,4,2,4,4,4,4,5,4,2,2,5,4,2,3,5,2,2,2,4,4,4,2,4,4,4,5,2,5,5,2,4,2,4,2,2,4,2,4,4,4,3,1,4,5,4,2,2,5,5
ClaytonBridges,4,2,2,2,1,4,2,4,4,4,2,5,5,2,5,4,5,2,4,1,5,4,3,5,4,2,2,3,4,2,2,2,2,2,4,4,2,4,2,1,3,4,2,4,2,2,2,1,1,4,4,5,3,4,4,4,2,2,4,1,3,2,5,2,2,4,4,1,5,4,2,4,3,4,4,5,4,5,4,5,1,4,2,5,4,2,5,2,1,4,2,4,4,2,4,4,2,2,0,4
GeraldineSmith,1,3,2,2,1,4,4,2,4,4,2,4,4,4,4,4,2,1,4,4,5,3,2,2,4,5,1,4,4,1,3,2,1,2,1,5,2,5,2,2,4,4,2,3,1,3,5,5,4,4,4,4,2,4,4,4,2,2,4,2,3,2,4,2,2,3,2,2,2,4,2,5,2,2,4,4,4,2,4,4,2,5,4,4,4,1,4,2,4,4,4,4,5,2,5,4,2,1,0,5
JeremyThompson,5,2,2,3,2,4,4,4,4,4,2,4,4,2,5,4,2,2,1,5,4,1,3,2,5,1,1,4,5,4,3,1,2,2,4,5,2,4,2,4,3,4,2,4,2,2,5,4,3,5,4,5,2,4,3,5,2,2,4,2,4,2,4,2,2,4,2,2,5,4,2,4,4,4,4,4,5,2,4,4,1,4,2,5,5,2,4,2,4,4,5,4,4,4,4,5,3,2,0,4
HaroldJameson,4,2,2,2,2,4,2,2,4,1,2,5,5,5,5,4,3,2,4,4,5,1,2,1,5,2,1,4,3,2,2,1,2,2,4,5,2,5,2,4,5,5,2,5,1,2,2,5,4,4,4,4,1,4,5,4,2,2,5,2,2,2,4,3,3,4,2,2,2,4,4,4,2,4,5,4,4,2,4,4,2,5,1,3,4,2,4,2,4,4,5,3,4,4,4,4,5,4,0,5
NathanielDavis,4,2,2,4,2,4,3,2,5,4,2,4,4,4,4,5,5,4,4,4,5,1,2,2,4,2,1,4,5,1,4,2,2,2,4,5,2,4,2,3,4,5,2,4,2,2,2,2,2,4,4,5,1,5,4,4,3,2,4,2,4,4,5,2,3,5,2,2,2,2,4,4,3,4,4,4,4,1,4,4,5,4,2,5,4,2,4,2,4,2,4,5,5,4,5,4,2,3,5,4
HaroldMartin,5,2,2,4,2,1,2,2,4,4,2,5,3,4,4,4,2,2,5,4,5,1,2,2,5,2,2,5,1,1,5,2,2,1,4,5,2,4,2,1,5,4,2,4,2,2,2,5,2,4,4,1,1,5,4,1,2,2,4,1,2,5,4,2,1,4,2,2,2,5,2,4,2,4,4,5,4,2,1,4,2,3,1,5,4,1,5,2,4,5,5,4,4,4,5,5,2,2,5,4
RobLewis,5,2,2,3,1,4,4,3,4,4,2,5,4,3,3,4,4,2,4,4,4,2,1,4,5,2,2,4,5,2,2,2,2,1,4,5,4,4,2,2,5,4,4,4,2,2,2,1,4,4,3,5,2,5,4,5,4,2,4,1,1,2,3,2,2,4,3,1,2,4,2,4,4,3,5,5,4,1,1,4,5,4,1,5,4,3,5,2,5,4,4,4,5,4,5,4,3,1,5,5
BrendaLonsdale,4,1,2,3,1,1,4,2,5,1,5,5,2,2,4,3,4,2,4,4,4,2,2,3,4,2,1,2,5,3,3,2,2,2,4,5,3,4,2,1,4,4,2,1,2,3,2,1,2,4,4,4,2,4,4,4,2,4,2,1,2,2,5,2,3,4,1,2,5,4,2,5,2,4,4,5,4,2,4,5,5,4,2,4,3,3,4,2,5,4,5,4,4,4,4,4,2,2,5,4
EugeneWatson,5,2,2,1,2,4,1,2,4,4,4,5,4,5,4,4,2,2,3,4,5,2,2,2,4,2,2,2,4,2,2,1,2,2,3,5,2,2,1,3,5,4,2,4,2,2,4,2,2,3,1,5,2,4,4,4,2,2,4,2,4,2,5,2,2,5,1,2,5,5,2,4,2,4,5,5,1,5,5,3,2,5,2,5,4,2,5,2,5,4,4,4,4,4,4,4,2,2,0,4
TeresaMiddleton,5,3,2,4,2,4,2,2,4,4,2,4,5,2,4,5,2,2,5,5,5,3,1,2,4,5,3,2,5,3,2,2,2,2,4,4,2,4,2,3,4,4,2,4,2,2,2,2,2,4,4,5,3,4,4,5,2,2,4,2,4,5,4,2,2,4,2,2,2,4,2,4,2,3,4,3,4,2,5,3,5,5,2,5,5,2,3,2,4,4,5,4,4,4,1,4,2,3,0,4
LiamFitzgerald,4,2,2,2,2,4,2,2,3,5,4,4,4,2,5,4,5,2,4,4,4,2,1,5,4,5,2,2,4,2,2,2,2,2,4,5,2,4,2,2,4,5,2,4,1,3,5,5,3,4,1,5,2,4,3,4,2,2,4,5,2,2,3,3,4,5,1,4,2,4,2,4,2,2,4,4,4,2,4,4,3,4,2,5,5,2,4,4,4,5,5,5,4,4,4,4,4,1,5,4
MartinJohnson,4,3,2,4,2,4,2,2,4,4,3,4,5,5,3,4,2,3,4,4,5,2,2,2,4,4,2,3,4,2,2,2,3,4,4,5,2,5,2,2,4,5,3,5,2,1,5,2,5,5,5,4,2,5,4,4,2,1,4,1,2,2,4,1,4,4,2,2,2,4,2,4,2,4,4,4,4,2,4,4,4,4,2,5,4,2,4,2,4,4,4,5,4,4,5,4,2,2,5,5
MartinSullivan,5,2,2,4,2,5,2,2,4,4,5,5,5,5,5,5,1,1,4,4,4,2,2,2,4,2,2,2,4,3,2,1,2,2,5,5,2,4,2,2,5,4,1,5,2,2,4,2,5,4,4,4,2,5,5,4,2,1,4,2,1,2,5,2,2,4,5,2,2,5,2,5,2,4,4,4,5,5,2,4,2,4,2,5,5,1,5,2,4,4,4,4,4,4,4,5,4,2,5,5
AlbertoAguirre,4,2,2,2,2,4,2,5,4,4,2,5,4,2,4,4,2,1,4,4,4,2,1,2,4,2,1,3,4,5,3,2,1,2,2,5,2,4,2,5,4,2,2,4,2,4,2,2,3,4,4,5,1,4,1,1,2,5,4,2,5,5,1,2,2,5,2,4,5,4,2,4,2,4,4,4,1,1,2,5,2,4,2,5,4,2,4,2,4,4,4,5,4,1,4,4,2,2,0,4
FranklinRoss,5,2,4,2,2,4,2,2,5,4,5,4,5,2,4,5,2,2,4,4,4,2,2,2,5,3,2,2,5,2,3,2,2,2,4,4,2,3,2,4,4,3,4,5,2,2,2,2,5,5,4,4,2,4,5,4,2,2,4,2,1,2,5,2,2,4,2,2,2,4,2,5,4,3,4,4,5,2,5,4,2,5,2,5,5,2,3,1,4,4,5,4,5,4,5,4,4,3,5,4
ClaraMontague,5,2,2,4,2,4,4,2,4,4,2,5,5,2,1,4,2,2,4,4,4,2,2,2,5,2,2,3,5,2,1,2,3,2,4,4,4,4,2,1,4,2,3,4,1,2,2,1,2,4,4,5,2,5,4,2,2,1,5,3,2,2,4,1,2,5,2,2,5,4,1,4,2,4,4,5,4,2,5,3,1,5,1,5,5,2,4,2,4,5,5,4,4,4,5,4,2,2,5,5
EliGriffin,5,1,4,4,2,4,2,5,4,5,2,5,4,4,4,1,2,1,5,4,4,1,3,2,5,4,2,2,5,1,2,2,2,2,4,5,4,4,2,3,4,3,2,4,1,3,5,2,2,4,5,4,1,5,4,4,1,2,4,4,4,2,4,2,2,4,1,2,2,4,2,4,2,5,5,5,4,5,5,5,2,5,2,5,4,5,5,1,4,4,5,5,4,4,5,4,2,2,5,5
KentDawson,4,1,2,2,5,4,3,2,4,4,5,5,4,5,5,4,3,2,4,5,5,2,2,2,4,2,1,2,4,2,2,2,2,2,4,5,2,4,2,1,4,2,4,4,1,2,2,2,3,5,5,5,2,4,5,4,2,2,4,2,2,2,5,2,2,4,2,1,3,4,5,5,2,4,4,5,4,4,5,4,4,4,2,5,3,1,5,2,4,4,5,4,2,4,4,5,5,2,0,4
VictorNolan,4,3,4,3,3,5,3,4,4,2,2,5,4,2,4,4,2,3,5,4,4,1,2,2,4,4,2,2,5,2,2,2,3,2,1,4,2,4,2,2,4,5,4,5,2,4,2,2,3,4,4,4,2,4,4,5,2,1,4,2,1,2,4,2,5,5,2,2,2,4,2,5,2,3,4,5,3,5,5,4,2,5,2,5,4,2,4,2,5,4,4,4,4,2,5,4,2,2,0,5
RobertFlint,4,1,1,5,5,5,5,5,4,2,5,4,4,5,4,4,2,2,4,4,4,1,2,2,4,2,2,4,4,2,3,5,2,2,4,5,4,5,2,2,5,5,1,4,2,2,2,2,2,4,4,5,1,5,5,4,2,2,4,2,2,4,4,4,1,5,2,1,1,5,2,4,2,4,4,4,1,2,4,5,2,2,2,5,1,4,5,5,4,5,3,4,4,4,5,5,2,2,5,5
OliverBennett,5,3,2,3,3,5,2,5,4,4,2,5,4,5,4,5,2,2,5,4,5,2,2,2,4,3,1,4,5,1,5,2,5,2,4,5,2,5,2,3,4,4,4,4,1,3,2,3,2,4,5,4,1,4,4,4,4,2,4,5,4,1,4,2,4,4,2,2,1,4,2,4,3,4,5,5,1,2,3,5,2,4,2,5,5,2,5,2,5,4,4,4,4,4,4,3,4,2,0,4
FranklinPierce,5,2,2,2,1,4,5,1,4,1,1,5,2,2,5,5,2,2,5,1,4,2,2,2,5,2,2,1,5,2,2,4,4,3,4,5,1,4,2,2,5,4,5,4,1,3,5,4,3,4,4,4,1,3,3,4,2,2,4,4,2,2,4,2,1,5,2,2,2,5,2,4,2,4,4,4,4,2,5,3,2,5,2,5,4,2,4,1,5,4,5,4,5,4,4,5,2,2,5,4
RichardKingston,5,2,1,2,1,4,3,2,5,4,2,4,4,2,4,4,4,2,5,5,5,2,2,2,4,1,2,2,4,2,2,1,2,2,5,5,3,5,3,3,4,4,2,5,2,2,1,1,2,4,2,3,2,3,5,4,1,4,4,2,1,2,4,2,4,4,2,2,1,4,2,5,2,4,4,4,4,2,5,4,2,4,2,5,1,2,4,1,5,4,5,5,4,5,4,4,2,2,0,4
DavidMatthews,4,3,2,2,2,4,3,2,4,4,2,5,4,1,5,4,2,2,4,4,4,2,2,2,4,3,2,2,5,2,1,2,3,5,4,5,2,4,2,2,4,5,4,4,2,2,2,2,2,4,4,5,1,4,4,5,1,2,5,2,5,2,5,2,2,4,2,2,2,5,2,4,1,5,3,5,1,1,4,4,2,4,4,5,4,1,5,4,4,4,5,4,2,4,5,4,2,2,5,4
ArnoldBennett,4,3,2,1,2,5,5,4,3,4,2,4,4,4,4,5,3,2,5,4,5,2,2,2,5,5,2,4,5,5,3,5,1,2,3,5,2,4,2,1,4,4,1,4,1,2,4,2,5,4,4,5,2,5,4,5,1,2,4,5,4,5,5,2,2,3,4,2,2,4,2,5,2,4,5,5,4,4,2,5,1,5,2,5,5,4,4,2,5,4,4,4,4,4,4,5,2,2,5,4
DonovanMitchell,5,2,2,2,2,4,2,2,4,2,4,5,4,5,5,5,2,2,4,4,5,1,2,2,5,2,2,2,4,1,2,2,2,2,4,5,3,5,2,2,4,5,2,5,1,1,2,2,2,4,3,4,2,4,5,4,2,2,5,2,3,2,5,2,2,4,2,2,2,4,1,5,2,4,5,5,1,1,4,4,2,3,2,5,4,2,4,2,4,4,5,4,4,4,4,4,2,1,5,4
RoderickCallahan,5,2,2,2,2,5,2,4,4,5,2,4,2,5,4,5,4,1,4,4,4,2,1,2,4,5,3,2,5,2,2,2,1,2,4,4,4,4,2,2,5,4,2,5,1,2,2,1,4,4,4,4,2,4,1,5,2,2,4,1,2,2,5,2,2,4,2,1,5,3,4,4,4,4,3,3,3,5,5,5,2,4,2,5,5,2,4,2,5,4,4,4,4,4,5,5,2,2,5,5
MarcusDonovan,5,2,1,2,1,5,2,5,3,2,1,4,4,5,4,4,2,2,5,5,4,1,3,2,4,2,2,2,5,1,2,2,2,2,4,5,2,4,1,4,4,4,2,4,2,2,5,2,2,4,4,5,2,4,4,4,2,2,4,2,2,5,4,1,2,3,2,1,2,4,2,5,2,4,4,4,5,5,4,5,2,4,1,5,4,2,4,2,4,5,4,5,5,4,4,4,5,2,5,4
MartinWhitaker,5,2,3,1,1,5,5,2,5,5,2,4,2,5,4,5,1,2,4,5,4,1,2,1,5,4,1,2,5,1,2,5,2,2,1,4,2,5,1,2,4,5,2,4,2,2,2,1,2,4,5,4,2,4,5,4,1,2,4,1,3,5,4,2,2,5,1,2,1,4,2,4,3,4,1,4,4,2,4,5,2,4,2,5,4,2,4,2,4,4,4,5,5,4,4,4,3,2,5,5
ClaudiaJennings,4,2,2,2,1,5,2,2,4,4,2,5,4,5,4,1,2,2,4,5,4,2,2,2,4,2,2,2,4,2,1,2,2,2,4,4,2,5,2,1,4,4,2,4,1,2,2,2,2,5,4,4,2,5,4,3,2,2,5,2,4,4,4,2,4,5,2,2,3,4,2,5,2,2,4,5,4,1,2,4,2,5,2,5,4,2,5,2,5,5,4,4,4,4,5,4,5,2,4,4
ClarenceMontgomery,5,2,1,2,2,4,2,5,5,5,1,4,5,1,1,4,1,2,5,4,5,2,2,2,5,4,2,2,5,2,4,2,2,1,4,5,2,5,1,2,5,4,2,5,2,2,1,1,1,4,4,5,2,5,4,4,2,1,5,2,4,2,5,1,2,5,2,1,1,5,2,5,2,3,4,5,5,5,5,5,2,4,1,5,4,2,5,2,5,4,4,5,5,4,5,4,2,2,5,5
MartinODonnell,5,3,2,2,2,4,4,5,5,5,2,5,4,2,4,3,4,2,4,4,5,2,1,4,5,2,2,5,4,5,2,2,2,2,3,5,1,4,2,2,4,5,2,4,2,2,1,1,2,3,5,5,2,5,5,4,2,2,5,2,4,5,5,2,2,4,3,2,1,4,2,5,2,4,4,4,4,2,5,5,4,4,2,5,5,1,5,1,4,5,5,5,4,2,5,4,2,1,5,4
HaroldTurner,4,2,2,2,2,4,2,2,4,5,2,5,4,2,4,4,2,1,5,4,5,2,2,2,5,4,2,2,5,2,2,2,2,1,5,4,3,4,2,3,4,4,2,4,4,1,2,2,2,4,4,5,1,4,5,5,2,2,5,2,4,4,4,4,2,4,2,4,4,5,2,5,5,4,4,4,1,2,4,4,2,4,1,5,4,2,5,3,1,4,5,4,5,4,1,4,2,3,0,4
RobertMitchell,4,2,2,2,2,4,4,2,4,4,2,5,4,2,5,5,2,2,4,4,5,2,1,1,4,2,2,2,4,2,2,1,4,2,4,5,2,4,4,2,4,3,2,4,2,2,5,2,3,2,1,5,3,5,4,4,2,2,4,2,3,1,5,2,2,4,5,2,4,4,2,4,1,4,5,4,4,2,5,4,5,2,2,4,4,2,5,1,5,4,4,4,4,4,3,4,5,2,0,5
StevenMcCallister,5,4,4,5,2,5,3,2,4,4,2,4,4,2,5,4,2,2,4,5,4,1,3,2,3,1,1,2,5,2,2,2,2,5,4,4,2,4,1,4,5,4,3,4,2,2,2,2,5,5,2,4,2,4,4,4,2,5,4,2,2,2,5,2,2,4,2,2,3,5,4,5,4,4,4,5,5,5,3,4,2,4,2,5,4,1,5,1,4,5,5,2,4,4,4,4,4,4,5,4
JohnathanFields,5,2,2,3,2,5,2,2,4,2,1,5,4,2,4,3,3,2,4,4,4,2,2,2,4,1,2,5,4,1,2,5,2,2,4,5,2,4,2,2,5,4,2,4,2,2,5,2,1,4,4,5,1,5,1,5,2,2,4,2,2,2,4,2,2,5,4,1,2,4,4,4,4,4,5,5,4,5,4,4,2,5,2,5,1,2,4,2,4,4,4,4,4,4,4,4,2,2,0,5
ReginaldBenson,4,2,2,2,2,4,4,2,5,2,3,5,5,2,5,4,2,2,4,4,4,2,1,2,4,2,2,2,5,1,2,2,2,2,4,5,1,4,1,2,2,4,2,4,2,2,2,1,2,1,2,4,2,4,3,4,2,2,4,2,5,2,4,2,3,5,1,2,2,4,2,5,3,4,4,5,5,5,5,5,2,4,1,5,4,2,4,2,4,4,5,5,4,4,4,4,3,2,0,5
DennisClayton,5,2,2,4,2,4,3,4,3,5,2,5,1,4,5,4,5,2,4,3,4,2,2,2,5,2,1,5,4,3,2,3,2,2,4,5,2,4,2,4,4,5,2,4,2,2,2,2,2,4,1,5,1,5,4,5,2,2,4,2,2,4,4,5,3,4,2,2,2,2,5,4,2,4,4,4,1,5,4,5,5,4,2,5,4,2,4,2,5,5,2,4,4,4,1,5,2,2,0,4
RobertJones,5,2,2,3,2,4,3,2,4,4,2,4,4,2,4,5,1,3,5,5,4,2,2,2,4,2,2,2,4,2,4,1,2,1,2,5,4,4,2,2,4,4,1,4,1,2,5,2,2,4,5,4,2,5,4,4,2,2,5,2,2,2,5,2,2,5,2,2,2,4,2,5,2,4,2,5,5,5,4,4,2,5,2,4,1,1,5,2,4,4,5,3,5,4,4,4,2,2,5,5
MabelHarper,4,1,1,2,2,5,2,2,5,1,4,5,5,2,5,5,2,2,4,5,5,2,2,1,4,4,2,2,5,2,2,2,4,2,2,5,2,5,2,2,4,3,2,5,2,2,5,2,3,4,4,4,1,4,5,4,1,5,4,2,5,5,4,2,2,4,2,2,2,4,2,4,2,4,4,5,5,5,1,4,2,4,4,5,4,2,5,2,5,4,4,5,2,4,5,5,2,3,0,5
DukeArmstrong,5,2,2,1,2,4,4,2,4,4,2,4,4,2,4,4,2,2,4,4,4,1,2,2,4,2,2,5,5,5,2,1,5,5,4,5,2,4,2,5,4,5,2,4,2,1,1,2,2,4,1,4,5,4,5,5,2,2,4,2,2,5,5,2,2,4,4,2,5,4,2,4,2,4,5,4,4,4,4,5,1,3,1,5,4,1,5,2,4,4,5,4,1,1,5,4,5,4,5,5
SallyFord,5,2,2,3,2,4,2,2,5,1,2,5,4,4,5,5,2,1,4,4,4,2,2,1,5,2,2,4,5,2,3,2,2,2,4,4,2,4,2,2,4,4,2,4,2,2,2,2,3,4,5,4,1,4,5,5,2,4,4,5,2,2,5,2,2,5,2,1,2,4,2,5,3,4,4,5,2,5,4,4,2,3,2,5,4,1,5,2,4,4,4,4,3,4,5,4,2,2,0,4
LindaGreen,4,2,1,2,2,4,4,2,4,4,2,4,3,4,5,5,2,2,4,4,4,1,2,2,1,2,2,2,4,2,2,2,2,2,1,4,2,5,2,2,4,4,2,1,2,2,3,2,2,5,5,4,2,4,4,5,2,2,5,2,2,5,4,2,2,4,2,1,2,5,2,4,2,4,4,4,4,2,5,4,1,5,2,5,4,1,4,1,5,5,4,4,5,4,5,5,2,2,0,4
RonaldJenkins,5,2,2,4,2,4,2,2,4,4,1,4,4,2,4,4,3,2,5,4,5,2,2,1,4,2,1,2,3,2,2,5,1,2,5,5,2,4,1,3,5,5,3,5,2,2,2,2,3,4,4,5,2,4,5,4,1,2,4,2,2,5,4,2,1,4,2,2,2,5,2,5,2,4,4,4,4,1,3,5,2,3,2,5,4,2,3,2,4,5,4,2,4,4,5,5,4,1,5,4
JonathanReeves,5,1,2,4,1,3,2,2,4,4,2,4,5,2,4,4,2,2,4,5,4,1,1,2,5,1,2,5,5,5,4,5,1,2,3,5,5,4,2,2,4,4,2,4,2,2,2,2,3,4,4,5,1,4,4,4,2,2,4,2,2,5,4,3,2,4,4,2,2,4,2,4,4,5,5,5,4,5,4,4,2,4,4,5,4,5,4,2,4,4,4,4,4,4,4,5,2,3,5,4
ThomasMitchell,4,2,1,2,3,4,2,2,4,4,5,5,4,2,1,1,2,2,4,4,4,2,3,2,4,2,2,2,5,2,1,2,2,2,3,5,2,5,1,2,4,4,2,5,2,2,5,4,2,4,4,4,1,5,5,5,2,2,5,1,2,1,4,2,2,5,3,3,2,4,3,4,2,4,5,4,4,2,5,3,2,4,2,5,2,2,4,2,4,4,1,4,4,4,5,4,2,2,5,4
LeonardTheodoreFinch,4,2,2,2,2,5,2,4,4,2,1,5,4,2,1,4,2,3,4,4,5,2,3,2,5,4,2,2,4,1,2,1,2,5,5,5,2,1,2,2,4,3,2,4,2,2,2,2,3,4,4,5,2,5,1,4,2,1,4,2,1,2,4,3,1,5,2,2,2,4,2,4,2,4,4,5,4,2,4,4,5,4,1,5,4,2,4,1,4,4,4,4,4,4,5,4,2,2,5,4
GeorgeThornton,4,3,2,2,2,4,2,2,4,5,2,4,4,2,5,4,2,3,4,4,4,2,1,5,4,2,2,2,4,2,3,2,2,2,5,1,2,5,2,2,4,4,3,4,2,2,2,5,2,4,5,4,1,4,4,5,2,2,4,2,2,2,5,2,2,5,2,2,2,4,4,5,2,2,4,4,4,5,4,3,5,4,1,5,4,1,4,1,5,5,5,4,5,4,5,3,2,3,0,4
MirandaJenkins,4,2,2,4,2,5,2,4,4,4,2,4,4,4,4,4,2,2,1,4,4,2,2,2,4,2,2,4,4,2,2,2,2,1,4,4,4,4,2,2,4,3,2,4,2,2,2,2,3,4,4,4,1,4,5,4,2,2,4,2,2,2,5,2,2,5,2,2,2,5,2,5,2,4,4,5,5,5,2,4,2,2,2,5,5,2,5,2,4,4,3,4,4,4,5,3,4,3,0,4
AndrewLawson,5,3,2,2,3,5,4,2,4,5,2,4,4,2,4,4,2,2,4,2,5,1,3,1,5,2,1,2,4,2,1,1,2,1,4,5,2,4,2,2,4,5,2,4,1,2,2,2,4,4,5,4,1,5,4,4,2,2,5,5,2,2,4,2,2,5,2,2,2,2,4,5,2,1,4,4,2,2,2,5,2,4,2,5,1,2,5,2,4,3,5,4,5,4,5,4,2,1,0,4
EmmaCarlson,4,2,2,4,2,1,5,1,5,5,2,4,4,2,5,4,3,2,4,4,3,2,2,2,5,2,2,2,4,4,2,2,4,2,4,5,2,1,2,2,3,3,2,4,2,2,2,2,2,4,4,4,2,3,5,4,4,2,4,2,2,1,5,2,3,4,4,3,2,3,2,4,2,4,4,4,4,2,4,4,5,3,2,5,3,2,4,2,5,5,4,4,4,3,5,5,2,2,0,4
LeonardHughs,5,2,3,2,2,4,2,5,5,2,2,4,4,4,1,5,2,1,5,4,5,2,3,2,1,2,2,1,4,1,2,2,2,2,4,5,2,5,2,3,4,5,2,4,2,3,1,2,3,4,3,4,2,4,4,2,2,2,4,1,5,5,4,2,2,4,3,1,2,4,2,4,1,5,4,4,4,5,5,5,2,4,2,5,3,5,4,2,5,4,5,4,5,5,4,4,2,2,0,4
TimothyBlake,4,1,2,3,5,4,2,4,5,4,4,5,4,2,4,2,1,2,4,4,4,2,2,2,5,5,1,1,4,2,4,2,2,2,5,5,2,5,1,2,4,4,1,4,2,2,5,1,2,4,1,4,1,4,5,5,1,1,5,2,2,4,4,2,2,5,2,2,4,5,2,4,2,4,4,5,5,2,4,5,2,2,1,5,4,2,1,2,4,4,4,4,5,4,4,2,2,2,0,1
RobertDarcy,5,2,1,2,3,5,2,1,4,2,2,5,4,5,4,4,2,2,5,4,5,2,1,1,4,2,1,4,4,1,4,4,2,2,4,5,2,4,2,2,5,5,2,4,1,2,2,2,4,2,5,5,1,4,5,5,1,1,5,1,2,2,5,2,2,5,1,1,5,5,4,5,2,4,4,4,1,1,5,5,1,4,1,5,4,2,5,1,1,5,4,5,5,4,5,5,2,2,5,5
JohnathanBigJohnMoretti,5,2,2,2,1,4,3,5,4,4,2,4,5,2,5,4,1,2,4,4,4,2,3,2,4,4,2,2,5,4,2,2,2,2,4,5,2,4,2,3,4,5,2,5,2,1,5,2,2,1,1,5,1,4,5,5,1,2,5,1,2,2,5,4,2,5,2,2,1,4,4,4,2,5,4,4,4,2,5,5,2,4,2,5,4,2,5,2,4,5,4,5,4,4,5,4,2,2,5,4
JonathanMartin,4,1,1,2,2,4,4,4,5,4,2,5,4,4,1,4,2,4,4,5,4,2,2,2,1,2,2,2,4,2,3,2,4,2,4,5,2,5,2,2,4,5,2,5,2,2,2,1,2,4,4,5,1,5,4,4,2,2,4,2,4,2,4,2,2,5,2,2,2,1,2,4,2,2,4,4,5,5,1,4,2,4,2,5,4,1,4,1,5,4,4,4,5,4,4,4,2,2,5,5
JamesRichardKemp,4,2,2,2,5,4,4,5,2,4,2,4,4,2,4,4,2,5,4,5,4,2,2,1,4,3,2,2,4,1,2,2,5,2,2,5,3,4,1,2,4,4,2,4,1,1,2,4,1,1,5,4,5,5,5,5,2,1,4,1,4,2,4,3,5,5,2,2,2,4,2,4,5,4,4,4,1,2,4,4,2,4,4,5,4,2,1,3,5,5,5,4,1,4,3,2,2,2,5,4
JeffreyNolan,5,2,2,2,5,4,2,2,1,5,2,4,4,4,4,1,2,2,4,4,5,2,4,2,5,5,2,2,4,1,4,5,4,2,4,5,3,4,2,2,4,4,2,4,2,1,2,2,3,4,4,4,2,4,5,5,1,2,4,1,2,2,5,2,2,4,3,2,2,5,2,5,2,3,4,4,4,5,5,4,2,5,5,4,4,5,5,2,4,5,5,4,4,1,5,4,2,2,0,5
RobertDalton,4,2,1,1,1,4,4,4,4,4,2,4,5,2,4,5,2,1,5,5,4,2,2,2,3,5,1,2,4,5,1,2,2,2,4,5,4,4,2,2,4,4,2,4,2,1,2,1,4,5,5,5,1,5,5,4,2,2,4,2,2,2,5,2,2,4,2,2,5,4,2,5,2,3,4,4,4,2,4,4,2,5,2,5,4,4,5,2,5,4,4,4,4,3,4,4,3,2,0,5
MatthewHenderson,4,2,2,2,2,4,4,2,4,4,1,5,4,5,4,4,2,2,4,4,5,1,2,2,4,5,2,2,4,2,4,1,2,2,4,5,2,4,1,2,4,4,3,4,2,2,2,2,2,4,1,5,2,4,5,4,2,2,4,1,4,4,4,1,1,4,2,5,1,4,2,5,3,4,5,4,1,5,4,4,2,4,5,5,5,2,4,2,5,4,4,4,4,4,4,4,4,1,5,4
ArthurDonovan,4,3,2,2,1,5,3,2,4,4,2,4,4,4,5,4,5,2,4,5,5,2,2,3,4,5,1,2,4,4,4,1,2,2,4,5,2,4,2,2,4,4,2,5,2,2,2,5,4,4,4,3,2,5,1,5,2,3,5,1,3,5,4,2,3,2,2,2,2,2,2,4,2,3,4,5,5,2,4,4,2,4,2,4,5,2,4,2,2,4,3,4,4,3,4,4,5,2,0,5
HaroldGreene,3,2,1,1,2,5,3,2,4,4,1,5,4,4,4,4,1,1,4,1,5,2,2,2,4,5,2,3,5,1,3,2,3,3,3,5,1,4,2,4,5,4,2,4,2,2,2,2,3,4,4,5,2,4,4,4,1,4,4,2,2,2,5,4,2,5,2,2,2,4,4,4,2,4,4,5,5,5,1,5,2,4,2,5,5,2,4,2,5,5,4,4,4,1,5,2,2,2,5,2
RaymondHarper,4,4,2,4,2,5,4,2,4,4,1,5,4,4,5,4,2,4,4,4,5,2,4,4,5,4,1,4,5,2,2,1,2,2,4,5,2,4,4,2,4,2,2,4,1,2,4,3,5,4,1,4,2,5,5,4,2,2,4,1,2,3,4,3,2,4,2,2,2,5,2,5,2,2,4,5,3,2,4,5,2,5,2,4,5,5,4,2,4,5,5,4,5,4,2,4,2,2,5,5
SamuelBennett,4,3,2,2,2,4,2,5,5,4,3,5,4,2,4,4,5,4,4,4,5,2,2,5,4,4,2,5,5,5,2,2,2,2,2,5,2,5,2,2,4,4,5,4,2,2,5,2,3,5,4,4,2,4,4,4,2,2,4,1,4,5,4,2,3,4,2,2,4,1,2,3,3,4,5,5,4,5,4,4,2,4,1,5,4,4,4,4,4,4,4,4,4,4,4,4,4,4,5,4
PrestonHarold,5,3,2,2,2,5,2,1,5,5,2,4,4,2,5,1,4,2,4,4,4,2,1,1,5,2,2,2,4,2,2,1,2,2,4,5,4,5,2,2,5,5,2,4,2,2,5,2,2,4,5,4,3,4,5,4,2,3,5,1,2,2,5,2,1,4,2,2,2,4,2,4,4,4,3,5,1,5,4,5,2,5,2,5,5,1,5,2,5,4,5,5,4,4,5,4,2,2,5,5
NathanielGreene,5,2,1,3,2,4,2,4,4,5,2,4,4,2,4,4,2,2,4,4,5,2,4,2,5,1,2,4,5,2,5,2,2,2,4,4,4,4,1,2,5,5,2,5,2,2,4,4,2,4,4,4,1,4,4,4,2,2,4,2,5,5,5,3,2,4,2,1,2,4,4,4,5,4,4,4,4,4,4,4,2,1,2,5,4,2,4,2,5,4,1,5,4,4,4,4,4,3,5,5
ElliotMurphy,4,4,2,2,2,4,2,2,4,4,2,5,4,2,2,4,2,2,5,4,4,3,2,3,5,2,4,2,4,4,4,2,2,2,2,5,3,5,2,2,2,4,3,4,2,2,4,4,2,1,1,4,2,4,5,5,2,4,5,2,4,2,4,2,2,5,2,2,2,3,2,4,1,4,4,5,2,5,4,4,2,5,2,5,4,5,3,2,4,4,4,4,4,4,4,4,2,2,5,4
ZoeMitchell,4,4,2,2,2,4,3,2,2,4,3,4,4,2,4,4,5,2,4,3,5,2,5,2,4,2,2,2,4,2,4,2,4,2,2,5,3,4,2,2,5,4,2,4,2,3,2,1,2,1,1,4,2,4,5,2,2,2,5,2,2,2,5,5,2,5,2,2,4,4,1,4,2,4,4,4,1,2,5,4,2,4,1,5,5,1,4,4,1,4,1,4,5,5,5,4,3,2,5,4
IvyAllen,5,2,2,2,2,3,3,2,4,4,2,4,4,3,4,5,2,4,5,4,4,1,1,4,1,2,2,4,4,5,2,1,2,2,5,5,4,4,1,2,4,4,4,4,2,4,4,2,4,4,2,4,2,4,4,2,4,1,4,2,5,2,5,2,2,4,2,2,2,4,5,5,5,4,5,4,4,2,4,3,2,4,4,5,4,4,4,2,5,4,3,4,4,4,5,4,2,4,0,2
RyanMiller,5,2,2,2,3,3,2,2,5,2,5,5,4,5,5,4,2,2,5,4,4,2,3,2,4,2,2,4,5,2,2,2,2,2,4,5,2,5,2,2,4,4,4,1,2,2,2,2,4,4,4,4,2,4,4,4,5,2,5,2,2,2,4,4,3,2,2,1,4,4,2,4,3,2,4,4,1,5,5,4,2,4,2,5,4,2,4,2,4,4,3,4,4,2,4,4,5,5,5,4
JohnOReilly,4,2,1,2,2,4,5,5,5,5,2,5,4,5,3,4,2,2,5,4,4,1,1,2,4,4,1,4,5,2,3,2,2,2,4,5,2,4,2,2,4,5,2,4,1,2,5,2,2,5,1,4,2,4,4,2,2,2,4,5,2,2,4,2,4,4,2,1,4,3,5,5,2,4,4,4,1,2,4,5,2,5,2,4,1,2,5,2,4,5,4,5,4,1,4,4,5,2,5,4
QuinnEverett,4,2,2,2,2,4,2,2,4,5,2,5,5,1,4,4,5,4,4,2,5,1,3,4,4,2,2,2,4,3,2,2,2,2,5,4,3,4,4,2,4,2,5,5,2,2,2,2,3,4,1,5,1,4,5,3,4,2,4,5,2,1,4,5,2,4,2,2,2,4,4,4,2,4,5,4,2,2,4,5,4,4,2,5,4,2,4,2,4,4,5,4,4,4,4,5,4,4,0,5
GregoryAllen,5,1,2,2,1,5,5,4,4,5,2,5,4,2,4,4,2,1,4,4,4,2,2,2,4,2,1,4,5,2,2,2,2,2,4,5,2,5,2,2,5,4,2,4,2,2,5,2,2,5,4,4,1,5,5,4,2,4,4,1,2,2,5,2,1,4,4,2,2,5,2,4,2,4,4,5,4,5,1,4,2,1,2,5,4,5,4,2,5,4,4,4,4,5,1,4,2,5,0,4
RileyThompson,4,2,2,2,2,4,2,2,4,4,2,4,4,2,4,4,2,2,4,2,4,2,2,2,4,2,2,2,4,2,3,1,4,2,1,5,2,2,2,2,4,4,2,4,2,2,4,5,2,4,4,4,2,4,4,4,4,2,4,1,2,5,4,2,1,4,2,2,2,4,4,4,5,4,4,5,4,2,2,4,2,4,2,5,4,2,4,1,4,4,4,4,4,2,4,4,2,2,0,5
DavidKim,5,2,1,2,5,4,4,4,3,4,2,5,2,3,4,4,2,2,4,4,4,5,2,2,4,1,2,4,5,1,4,2,4,2,4,4,2,4,4,5,4,4,2,4,1,2,2,5,1,2,5,5,2,5,4,5,2,5,4,2,2,2,4,5,2,5,1,2,2,4,4,4,2,4,5,4,5,2,4,5,3,4,2,5,4,1,4,2,5,4,4,4,3,2,5,4,4,2,5,4
XavierReed,5,2,2,3,2,4,5,4,4,4,2,3,4,2,4,5,2,2,4,4,4,2,2,2,4,2,2,2,5,2,4,4,2,2,4,4,4,4,2,5,4,4,3,4,2,2,4,2,2,5,4,4,2,5,1,4,2,2,4,1,2,2,4,2,2,5,2,1,4,4,2,2,2,5,5,5,4,2,5,4,1,4,4,5,4,5,4,2,5,4,4,4,4,4,4,4,4,2,0,4
KylieSmith,5,2,2,2,1,5,4,2,4,4,2,4,4,1,5,4,2,2,5,5,4,2,2,2,5,4,2,2,4,2,3,2,2,2,5,4,2,4,3,2,4,4,2,4,2,2,4,2,4,4,4,4,1,5,4,5,2,2,4,2,5,2,4,3,2,4,4,2,5,4,4,4,3,4,4,4,4,2,3,4,2,5,2,5,1,2,4,4,4,5,5,4,4,1,4,4,5,2,5,5
EmmaJohnson,2,2,2,2,5,2,5,2,5,5,2,4,4,2,4,4,5,2,4,4,5,2,2,2,4,2,2,2,4,2,2,1,2,2,4,4,2,4,1,2,4,4,2,2,2,3,4,2,2,5,4,5,1,4,3,4,4,2,4,1,4,5,4,2,2,3,4,2,2,4,3,5,2,4,3,4,4,5,4,4,4,1,2,5,4,1,4,1,4,4,4,2,2,4,4,4,2,4,0,4
AmeliaMartinez,5,2,2,2,2,4,4,4,4,4,2,4,4,2,4,3,2,2,2,5,2,2,2,5,4,2,2,2,4,2,4,5,2,3,4,4,3,4,2,2,4,4,2,4,1,2,2,4,2,4,4,4,2,4,3,2,2,2,4,5,4,2,4,2,2,4,2,1,2,4,5,4,1,4,4,5,2,4,4,4,2,5,2,5,4,2,4,2,4,4,4,4,4,4,4,4,5,2,0,5
CarmenSanchez,4,2,2,4,4,4,3,5,4,5,2,4,4,5,4,5,4,2,5,4,4,2,3,2,4,5,2,4,4,2,2,2,5,2,4,5,4,4,2,2,4,4,2,1,2,2,2,4,2,4,2,4,1,3,1,4,2,3,4,5,2,5,4,2,2,3,2,1,2,4,4,4,3,1,4,4,5,4,4,3,2,4,2,5,4,2,5,2,1,4,4,4,4,4,4,4,5,5,0,5
LiamJohnson,4,2,2,2,2,4,2,2,4,4,3,3,4,1,4,1,3,2,4,5,4,2,3,2,4,2,2,2,4,2,3,2,2,2,4,4,2,4,2,2,4,4,2,5,1,2,2,2,2,4,1,4,2,4,4,4,4,2,4,2,2,2,4,5,2,3,4,1,2,4,4,2,2,2,2,5,4,5,5,4,2,4,3,5,1,1,4,2,4,4,5,5,4,4,5,4,5,1,0,4
ElenaSoto,4,3,3,4,2,4,2,2,4,5,2,5,4,1,4,4,4,2,4,3,3,2,2,2,4,4,2,2,4,2,2,2,4,2,4,4,2,4,2,2,4,4,2,4,1,2,2,4,4,4,5,5,2,4,5,5,2,2,4,2,5,2,4,2,2,5,2,2,3,4,2,4,2,4,5,5,1,2,1,4,5,5,1,5,4,2,4,2,4,4,4,4,4,4,5,4,4,2,5,5
